tiff_path,region,date,buoy_ids,n_buoys
region-27_0-82_951-35_52-83_8/2014/12/10/20141210T0743.tiff,region-27_0-82_951-35_52-83_8,2014-12-10,300234061369400.0,1
region-27_0-82_951-35_52-83_8/2014/12/11/20141211T1318.tiff,region-27_0-82_951-35_52-83_8,2014-12-11,300234061369400.0,1
region-27_0-82_951-35_52-83_8/2014/12/11/20141211T0646.tiff,region-27_0-82_951-35_52-83_8,2014-12-11,300234061369400.0,1
region-27_0-82_951-35_52-83_8/2014/12/12/20141212T0727.tiff,region-27_0-82_951-35_52-83_8,2014-12-12,300234061369400.0,1
region-27_0-82_951-35_52-83_8/2014/12/12/20141212T1359.tiff,region-27_0-82_951-35_52-83_8,2014-12-12,300234061369400.0,1
region-27_0-82_951-35_52-83_8/2014/12/13/20141213T1301.tiff,region-27_0-82_951-35_52-83_8,2014-12-13,300234061369400.0,1
region-27_0-82_951-35_52-83_8/2014/12/13/20141213T0807.tiff,region-27_0-82_951-35_52-83_8,2014-12-13,300234061369400.0,1
region-27_0-82_951-35_52-83_8/2014/12/14/20141214T1342.tiff,region-27_0-82_951-35_52-83_8,2014-12-14,300234061369400.0,1
region-27_0-82_951-35_52-83_8/2014/12/14/20141214T0711.tiff,region-27_0-82_951-35_52-83_8,2014-12-14,300234061369400.0,1
region-27_0-82_951-35_52-83_8/2014/12/15/20141215T1246.tiff,region-27_0-82_951-35_52-83_8,2014-12-15,300234061369400.0,1
region-27_0-82_951-35_52-83_8/2014/12/15/20141215T0751.tiff,region-27_0-82_951-35_52-83_8,2014-12-15,300234061369400.0,1
region-27_0-82_951-35_52-83_8/2014/12/16/20141216T0654.tiff,region-27_0-82_951-35_52-83_8,2014-12-16,300234061369400.0,1
region-27_0-82_951-35_52-83_8/2014/12/16/20141216T1326.tiff,region-27_0-82_951-35_52-83_8,2014-12-16,300234061369400.0,1
region-27_0-82_951-35_52-83_8/2014/12/17/20141217T1407.tiff,region-27_0-82_951-35_52-83_8,2014-12-17,300234061369400.0,1
region-27_0-82_951-35_52-83_8/2014/12/17/20141217T0735.tiff,region-27_0-82_951-35_52-83_8,2014-12-17,300234061369400.0,1
region-27_0-82_951-35_52-83_8/2014/12/18/20141218T0637.tiff,region-27_0-82_951-35_52-83_8,2014-12-18,300234061369400.0,1
region-27_0-82_951-35_52-83_8/2014/12/18/20141218T1309.tiff,region-27_0-82_951-35_52-83_8,2014-12-18,300234061369400.0,1
region-27_0-82_951-35_52-83_8/2014/12/19/20141219T1350.tiff,region-27_0-82_951-35_52-83_8,2014-12-19,300234061369400.0,1
region-27_0-82_951-35_52-83_8/2014/12/19/20141219T0719.tiff,region-27_0-82_951-35_52-83_8,2014-12-19,300234061369400.0,1
region-27_0-82_951-35_52-83_8/2014/12/21/20141221T1334.tiff,region-27_0-82_951-35_52-83_8,2014-12-21,300234061369400.0,1
region-27_0-82_951-35_52-83_8/2014/12/21/20141221T0702.tiff,region-27_0-82_951-35_52-83_8,2014-12-21,300234061369400.0,1
region-27_0-82_951-35_52-83_8/2014/12/22/20141222T0743.tiff,region-27_0-82_951-35_52-83_8,2014-12-22,300234061369400.0,1
region-27_0-82_951-35_52-83_8/2014/12/23/20141223T0646.tiff,region-27_0-82_951-35_52-83_8,2014-12-23,"300234011247800.0,90074.0",2
region-27_0-82_951-35_52-83_8/2014/12/23/20141223T1318.tiff,region-27_0-82_951-35_52-83_8,2014-12-23,"300234011247800.0,90074.0",2
region-27_0-82_951-35_52-83_8/2014/12/24/20141224T0727.tiff,region-27_0-82_951-35_52-83_8,2014-12-24,"300234011247800.0,90074.0",2
region-27_0-82_951-35_52-83_8/2014/12/24/20141224T1359.tiff,region-27_0-82_951-35_52-83_8,2014-12-24,"300234011247800.0,90074.0",2
region-27_0-82_951-35_52-83_8/2014/12/25/20141225T1301.tiff,region-27_0-82_951-35_52-83_8,2014-12-25,"300234011247800.0,90074.0",2
region-27_0-82_951-35_52-83_8/2014/12/25/20141225T0808.tiff,region-27_0-82_951-35_52-83_8,2014-12-25,"300234011247800.0,90074.0",2
region-27_0-82_951-35_52-83_8/2014/12/26/20141226T1342.tiff,region-27_0-82_951-35_52-83_8,2014-12-26,"300234011247800.0,90074.0",2
region-27_0-82_951-35_52-83_8/2014/12/26/20141226T0711.tiff,region-27_0-82_951-35_52-83_8,2014-12-26,"300234011247800.0,90074.0",2
region-27_0-82_951-35_52-83_8/2014/12/27/20141227T1246.tiff,region-27_0-82_951-35_52-83_8,2014-12-27,"300234011247800.0,90074.0",2
region-27_0-82_951-35_52-83_8/2014/12/27/20141227T0751.tiff,region-27_0-82_951-35_52-83_8,2014-12-27,"300234011247800.0,90074.0",2
region-27_0-82_951-35_52-83_8/2014/12/28/20141228T0654.tiff,region-27_0-82_951-35_52-83_8,2014-12-28,"300234011247800.0,90074.0",2
region-27_0-82_951-35_52-83_8/2014/12/28/20141228T1326.tiff,region-27_0-82_951-35_52-83_8,2014-12-28,"300234011247800.0,90074.0",2
region-27_0-82_951-35_52-83_8/2014/12/29/20141229T1228.tiff,region-27_0-82_951-35_52-83_8,2014-12-29,"300234011247800.0,90074.0",2
region-27_0-82_951-35_52-83_8/2014/12/29/20141229T0735.tiff,region-27_0-82_951-35_52-83_8,2014-12-29,"300234011247800.0,90074.0",2
region-27_0-82_951-35_52-83_8/2014/12/30/20141230T1309.tiff,region-27_0-82_951-35_52-83_8,2014-12-30,"300234011247800.0,90074.0",2
region-27_0-82_951-35_52-83_8/2014/12/31/20141231T1350.tiff,region-27_0-82_951-35_52-83_8,2014-12-31,300234011247800.0,1
region-27_0-82_951-35_52-83_8/2014/12/31/20141231T0719.tiff,region-27_0-82_951-35_52-83_8,2014-12-31,300234011247800.0,1
region-27_0-82_951-35_52-83_8/2015/01/01/20150101T1431.tiff,region-27_0-82_951-35_52-83_8,2015-01-01,"300234011247800.0,90074.0",2
region-27_0-82_951-35_52-83_8/2015/01/01/20150101T0759.tiff,region-27_0-82_951-35_52-83_8,2015-01-01,"300234011247800.0,90074.0",2
region-27_0-82_951-35_52-83_8/2015/02/03/20150203T1407.tiff,region-27_0-82_951-35_52-83_8,2015-02-03,90075.0,1
region-27_0-82_951-35_52-83_8/2015/02/03/20150203T0735.tiff,region-27_0-82_951-35_52-83_8,2015-02-03,90075.0,1
region-27_0-82_951-35_52-83_8/2015/02/04/20150204T1309.tiff,region-27_0-82_951-35_52-83_8,2015-02-04,90075.0,1
region-27_0-82_951-35_52-83_8/2015/02/04/20150204T0637.tiff,region-27_0-82_951-35_52-83_8,2015-02-04,90075.0,1
region-27_0-82_951-35_52-83_8/2015/02/17/20150217T1350.tiff,region-27_0-82_951-35_52-83_8,2015-02-17,90075.0,1
region-27_0-82_951-35_52-83_8/2015/02/17/20150217T0719.tiff,region-27_0-82_951-35_52-83_8,2015-02-17,90075.0,1
region-27_0-82_951-35_52-83_8/2015/02/18/20150218T1431.tiff,region-27_0-82_951-35_52-83_8,2015-02-18,90075.0,1
region-27_0-82_951-35_52-83_8/2015/02/18/20150218T0759.tiff,region-27_0-82_951-35_52-83_8,2015-02-18,90075.0,1
region-27_0-82_951-35_52-83_8/2015/02/19/20150219T0840.tiff,region-27_0-82_951-35_52-83_8,2015-02-19,90075.0,1
region-27_0-82_951-35_52-83_8/2015/02/21/20150221T1318.tiff,region-27_0-82_951-35_52-83_8,2015-02-21,90075.0,1
region-27_0-82_951-35_52-83_8/2015/02/21/20150221T0824.tiff,region-27_0-82_951-35_52-83_8,2015-02-21,90075.0,1
region-27_0-82_951-35_52-83_8/2015/02/22/20150222T1359.tiff,region-27_0-82_951-35_52-83_8,2015-02-22,90075.0,1
region-27_0-82_951-35_52-83_8/2015/02/22/20150222T0727.tiff,region-27_0-82_951-35_52-83_8,2015-02-22,90075.0,1
region-27_0-82_951-35_52-83_8/2015/02/23/20150223T1301.tiff,region-27_0-82_951-35_52-83_8,2015-02-23,90075.0,1
region-27_0-82_951-35_52-83_8/2015/02/23/20150223T0807.tiff,region-27_0-82_951-35_52-83_8,2015-02-23,90075.0,1
region-27_0-82_951-35_52-83_8/2015/02/24/20150224T0710.tiff,region-27_0-82_951-35_52-83_8,2015-02-24,90075.0,1
region-27_0-82_951-35_52-83_8/2015/02/24/20150224T1342.tiff,region-27_0-82_951-35_52-83_8,2015-02-24,90075.0,1
region-27_0-82_951-35_52-83_8/2015/02/25/20150225T0751.tiff,region-27_0-82_951-35_52-83_8,2015-02-25,90075.0,1
region-27_0-82_951-35_52-83_8/2015/02/25/20150225T1246.tiff,region-27_0-82_951-35_52-83_8,2015-02-25,90075.0,1
region-27_0-82_951-35_52-83_8/2015/02/26/20150226T1326.tiff,region-27_0-82_951-35_52-83_8,2015-02-26,90075.0,1
region-27_0-82_951-35_52-83_8/2015/02/26/20150226T0832.tiff,region-27_0-82_951-35_52-83_8,2015-02-26,90075.0,1
region-27_0-82_951-35_52-83_8/2015/02/27/20150227T0735.tiff,region-27_0-82_951-35_52-83_8,2015-02-27,90075.0,1
region-27_0-82_951-35_52-83_8/2015/02/27/20150227T1407.tiff,region-27_0-82_951-35_52-83_8,2015-02-27,90075.0,1
region-27_0-82_951-35_52-83_8/2015/02/28/20150228T0637.tiff,region-27_0-82_951-35_52-83_8,2015-02-28,90075.0,1
region-27_0-82_951-35_52-83_8/2015/02/28/20150228T1309.tiff,region-27_0-82_951-35_52-83_8,2015-02-28,90075.0,1
region-27_0-82_951-35_52-83_8/2015/03/01/20150301T0719.tiff,region-27_0-82_951-35_52-83_8,2015-03-01,90075.0,1
region-27_0-82_951-35_52-83_8/2015/03/01/20150301T1350.tiff,region-27_0-82_951-35_52-83_8,2015-03-01,90075.0,1
region-27_0-82_951-35_52-83_8/2015/03/02/20150302T0759.tiff,region-27_0-82_951-35_52-83_8,2015-03-02,90075.0,1
region-27_0-82_951-35_52-83_8/2015/03/02/20150302T1431.tiff,region-27_0-82_951-35_52-83_8,2015-03-02,90075.0,1
region-27_0-82_951-35_52-83_8/2015/03/03/20150303T0702.tiff,region-27_0-82_951-35_52-83_8,2015-03-03,90075.0,1
region-27_0-82_951-35_52-83_8/2015/03/03/20150303T1334.tiff,region-27_0-82_951-35_52-83_8,2015-03-03,90075.0,1
region-27_0-82_951-35_52-83_8/2015/03/04/20150304T0743.tiff,region-27_0-82_951-35_52-83_8,2015-03-04,90075.0,1
region-27_0-82_951-35_52-83_8/2015/03/04/20150304T1415.tiff,region-27_0-82_951-35_52-83_8,2015-03-04,90075.0,1
region-27_0-82_951-35_52-83_8/2015/03/05/20150305T0824.tiff,region-27_0-82_951-35_52-83_8,2015-03-05,90075.0,1
region-27_0-82_951-35_52-83_8/2015/03/05/20150305T1318.tiff,region-27_0-82_951-35_52-83_8,2015-03-05,90075.0,1
region-27_0-82_951-35_52-83_8/2015/03/06/20150306T1359.tiff,region-27_0-82_951-35_52-83_8,2015-03-06,90075.0,1
region-27_0-82_951-35_52-83_8/2015/03/06/20150306T0727.tiff,region-27_0-82_951-35_52-83_8,2015-03-06,90075.0,1
region-27_0-82_951-35_52-83_8/2015/03/07/20150307T0808.tiff,region-27_0-82_951-35_52-83_8,2015-03-07,90075.0,1
region-27_0-82_951-35_52-83_8/2015/03/07/20150307T1301.tiff,region-27_0-82_951-35_52-83_8,2015-03-07,90075.0,1
region-27_0-82_951-35_52-83_8/2015/03/08/20150308T1342.tiff,region-27_0-82_951-35_52-83_8,2015-03-08,90075.0,1
region-27_0-82_951-35_52-83_8/2015/03/08/20150308T0711.tiff,region-27_0-82_951-35_52-83_8,2015-03-08,90075.0,1
region-27_0-82_951-35_52-83_8/2015/03/09/20150309T1423.tiff,region-27_0-82_951-35_52-83_8,2015-03-09,90075.0,1
region-27_0-82_951-35_52-83_8/2015/03/09/20150309T0751.tiff,region-27_0-82_951-35_52-83_8,2015-03-09,90075.0,1
region-27_0-82_951-35_52-83_8/2015/03/10/20150310T1326.tiff,region-27_0-82_951-35_52-83_8,2015-03-10,90075.0,1
region-27_0-82_951-35_52-83_8/2015/03/10/20150310T0832.tiff,region-27_0-82_951-35_52-83_8,2015-03-10,90075.0,1
region-27_0-82_951-35_52-83_8/2015/03/11/20150311T0735.tiff,region-27_0-82_951-35_52-83_8,2015-03-11,90075.0,1
region-27_0-82_951-35_52-83_8/2015/03/11/20150311T1407.tiff,region-27_0-82_951-35_52-83_8,2015-03-11,90075.0,1
region-27_0-82_951-35_52-83_8/2015/03/12/20150312T0637.tiff,region-27_0-82_951-35_52-83_8,2015-03-12,90075.0,1
region-27_0-82_951-35_52-83_8/2015/03/12/20150312T1309.tiff,region-27_0-82_951-35_52-83_8,2015-03-12,90075.0,1
region-27_0-82_951-35_52-83_8/2015/03/13/20150313T0719.tiff,region-27_0-82_951-35_52-83_8,2015-03-13,90075.0,1
region-27_0-82_951-35_52-83_8/2015/03/13/20150313T1350.tiff,region-27_0-82_951-35_52-83_8,2015-03-13,90075.0,1
region-27_0-82_951-35_52-83_8/2015/03/14/20150314T0759.tiff,region-27_0-82_951-35_52-83_8,2015-03-14,90075.0,1
region-27_0-82_951-35_52-83_8/2015/03/14/20150314T1431.tiff,region-27_0-82_951-35_52-83_8,2015-03-14,90075.0,1
region-27_0-82_951-35_52-83_8/2015/03/15/20150315T0702.tiff,region-27_0-82_951-35_52-83_8,2015-03-15,90075.0,1
region-27_0-82_951-35_52-83_8/2015/03/15/20150315T1334.tiff,region-27_0-82_951-35_52-83_8,2015-03-15,90075.0,1
region-27_0-82_951-35_52-83_8/2015/03/16/20150316T0605.tiff,region-27_0-82_951-35_52-83_8,2015-03-16,90075.0,1
region-27_0-82_951-35_52-83_8/2015/03/17/20150317T0824.tiff,region-27_0-82_951-35_52-83_8,2015-03-17,90075.0,1
region-27_0-82_951-35_52-83_8/2015/03/17/20150317T1318.tiff,region-27_0-82_951-35_52-83_8,2015-03-17,90075.0,1
region-27_0-82_951-35_52-83_8/2015/03/18/20150318T1359.tiff,region-27_0-82_951-35_52-83_8,2015-03-18,90075.0,1
region-27_0-82_951-35_52-83_8/2015/03/18/20150318T0727.tiff,region-27_0-82_951-35_52-83_8,2015-03-18,90075.0,1
region-27_0-82_951-35_52-83_8/2015/03/21/20150321T0751.tiff,region-27_0-82_951-35_52-83_8,2015-03-21,90075.0,1
region-27_0-82_951-35_52-83_8/2015/03/21/20150321T1245.tiff,region-27_0-82_951-35_52-83_8,2015-03-21,90075.0,1
region-27_0-82_951-35_52-83_8/2015/04/25/20150425T0711.tiff,region-27_0-82_951-35_52-83_8,2015-04-25,300234060176700.0,1
region-27_0-82_951-35_52-83_8/2015/04/25/20150425T1342.tiff,region-27_0-82_951-35_52-83_8,2015-04-25,300234060176700.0,1
region-27_0-82_951-35_52-83_8/2015/04/26/20150426T0751.tiff,region-27_0-82_951-35_52-83_8,2015-04-26,300234060176700.0,1
region-27_0-82_951-35_52-83_8/2015/04/26/20150426T1423.tiff,region-27_0-82_951-35_52-83_8,2015-04-26,300234060176700.0,1
region-27_0-82_951-35_52-83_8/2015/04/27/20150427T1326.tiff,region-27_0-82_951-35_52-83_8,2015-04-27,300234060176700.0,1
region-27_0-82_951-35_52-83_8/2015/04/27/20150427T0832.tiff,region-27_0-82_951-35_52-83_8,2015-04-27,300234060176700.0,1
region-27_0-82_951-35_52-83_8/2015/04/28/20150428T0735.tiff,region-27_0-82_951-35_52-83_8,2015-04-28,300234060176700.0,1
region-27_0-82_951-35_52-83_8/2015/04/28/20150428T1228.tiff,region-27_0-82_951-35_52-83_8,2015-04-28,300234060176700.0,1
region-27_0-82_951-35_52-83_8/2015/04/29/20150429T0637.tiff,region-27_0-82_951-35_52-83_8,2015-04-29,300234060176700.0,1
region-27_0-82_951-35_52-83_8/2015/04/29/20150429T1310.tiff,region-27_0-82_951-35_52-83_8,2015-04-29,300234060176700.0,1
region-27_0-82_951-35_52-83_8/2015/04/30/20150430T0719.tiff,region-27_0-82_951-35_52-83_8,2015-04-30,300234060176700.0,1
region-27_0-82_951-35_52-83_8/2015/04/30/20150430T1350.tiff,region-27_0-82_951-35_52-83_8,2015-04-30,300234060176700.0,1
region-27_0-82_951-35_52-83_8/2015/05/01/20150501T0758.tiff,region-27_0-82_951-35_52-83_8,2015-05-01,300234060176700.0,1
region-27_0-82_951-35_52-83_8/2015/05/01/20150501T1431.tiff,region-27_0-82_951-35_52-83_8,2015-05-01,300234060176700.0,1
region-27_0-82_951-35_52-83_8/2015/05/02/20150502T1334.tiff,region-27_0-82_951-35_52-83_8,2015-05-02,300234060176700.0,1
region-27_0-82_951-35_52-83_8/2015/05/02/20150502T0702.tiff,region-27_0-82_951-35_52-83_8,2015-05-02,300234060176700.0,1
region-27_0-82_951-35_52-83_8/2015/05/03/20150503T0743.tiff,region-27_0-82_951-35_52-83_8,2015-05-03,300234060176700.0,1
region-27_0-82_951-35_52-83_8/2015/05/03/20150503T1415.tiff,region-27_0-82_951-35_52-83_8,2015-05-03,300234060176700.0,1
region-27_0-82_951-35_52-83_8/2016/09/12/20160912T1327.tiff,region-27_0-82_951-35_52-83_8,2016-09-12,300234062788480.0,1
region-27_0-82_951-35_52-83_8/2016/09/13/20160913T0735.tiff,region-27_0-82_951-35_52-83_8,2016-09-13,300234062788480.0,1
region-27_0-82_951-35_52-83_8/2017/10/07/20171007T0832.tiff,region-27_0-82_951-35_52-83_8,2017-10-07,90095.0,1
region-27_0-82_951-35_52-83_8/2017/10/08/20171008T1228.tiff,region-27_0-82_951-35_52-83_8,2017-10-08,90095.0,1
region-27_0-82_951-35_52-83_8/2017/10/08/20171008T0735.tiff,region-27_0-82_951-35_52-83_8,2017-10-08,90095.0,1
region-27_0-82_951-35_52-83_8/2017/10/09/20171009T0816.tiff,region-27_0-82_951-35_52-83_8,2017-10-09,90095.0,1
region-27_0-82_951-35_52-83_8/2017/10/10/20171010T0718.tiff,region-27_0-82_951-35_52-83_8,2017-10-10,"300234062836680.0,90095.0",2
region-27_0-82_951-35_52-83_8/2017/10/10/20171010T1212.tiff,region-27_0-82_951-35_52-83_8,2017-10-10,"300234062836680.0,90095.0",2
region-27_0-82_951-35_52-83_8/2017/10/11/20171011T0759.tiff,region-27_0-82_951-35_52-83_8,2017-10-11,"300234062836680.0,90095.0",2
region-27_0-82_951-35_52-83_8/2017/10/12/20171012T1155.tiff,region-27_0-82_951-35_52-83_8,2017-10-12,"300234062836680.0,90095.0",2
region-27_0-82_951-35_52-83_8/2017/10/12/20171012T0839.tiff,region-27_0-82_951-35_52-83_8,2017-10-12,"300234062836680.0,90095.0",2
region-27_0-82_951-35_52-83_8/2017/10/13/20171013T0743.tiff,region-27_0-82_951-35_52-83_8,2017-10-13,"300234062836680.0,90095.0",2
region-27_0-82_951-35_52-83_8/2017/10/14/20171014T0824.tiff,region-27_0-82_951-35_52-83_8,2017-10-14,"300234062836680.0,90095.0",2
region-27_0-82_951-35_52-83_8/2017/10/15/20171015T1220.tiff,region-27_0-82_951-35_52-83_8,2017-10-15,"300234062836680.0,90095.0",2
region-27_0-82_951-35_52-83_8/2017/10/15/20171015T0727.tiff,region-27_0-82_951-35_52-83_8,2017-10-15,"300234062836680.0,90095.0",2
region-27_0-82_951-35_52-83_8/2019/04/23/20190423T0929.tiff,region-27_0-82_951-35_52-83_8,2019-04-23,52980.0,1
region-27_0-82_951-35_52-83_8/2019/04/24/20190424T0653.tiff,region-27_0-82_951-35_52-83_8,2019-04-24,52980.0,1
region-27_0-82_951-35_52-83_8/2019/04/25/20190425T0735.tiff,region-27_0-82_951-35_52-83_8,2019-04-25,52980.0,1
region-27_0-82_951-35_52-83_8/2019/04/25/20190425T1228.tiff,region-27_0-82_951-35_52-83_8,2019-04-25,52980.0,1
region-27_0-82_951-35_52-83_8/2019/04/26/20190426T0637.tiff,region-27_0-82_951-35_52-83_8,2019-04-26,52980.0,1
region-27_0-82_951-35_52-83_8/2019/04/27/20190427T1212.tiff,region-27_0-82_951-35_52-83_8,2019-04-27,52980.0,1
region-27_0-82_951-35_52-83_8/2019/04/27/20190427T0718.tiff,region-27_0-82_951-35_52-83_8,2019-04-27,52980.0,1
region-27_0-82_951-35_52-83_8/2019/04/28/20190428T0759.tiff,region-27_0-82_951-35_52-83_8,2019-04-28,52980.0,1
region-27_0-82_951-35_52-83_8/2019/04/29/20190429T0702.tiff,region-27_0-82_951-35_52-83_8,2019-04-29,52980.0,1
region-27_0-82_951-35_52-83_8/2019/04/29/20190429T1155.tiff,region-27_0-82_951-35_52-83_8,2019-04-29,52980.0,1
region-27_0-82_951-35_52-83_8/2019/05/01/20190501T0645.tiff,region-27_0-82_951-35_52-83_8,2019-05-01,52980.0,1
region-27_0-82_951-35_52-83_8/2020/04/30/20200430T0653.tiff,region-27_0-82_951-35_52-83_8,2020-04-30,300234068316210.0,1
region-27_0-82_951-35_52-83_8/2020/05/01/20200501T1228.tiff,region-27_0-82_951-35_52-83_8,2020-05-01,300234068316210.0,1
region-27_0-82_951-35_52-83_8/2020/05/01/20200501T0735.tiff,region-27_0-82_951-35_52-83_8,2020-05-01,300234068316210.0,1
region-27_0-82_951-35_52-83_8/2020/05/02/20200502T0637.tiff,region-27_0-82_951-35_52-83_8,2020-05-02,300234068316210.0,1
region-27_0-82_951-35_52-83_8/2020/05/03/20200503T0718.tiff,region-27_0-82_951-35_52-83_8,2020-05-03,300234068316210.0,1
region-27_0-82_951-35_52-83_8/2020/05/03/20200503T1212.tiff,region-27_0-82_951-35_52-83_8,2020-05-03,300234068316210.0,1
region-27_0-82_951-35_52-83_8/2020/05/04/20200504T0759.tiff,region-27_0-82_951-35_52-83_8,2020-05-04,300234068316210.0,1
region-27_0-82_951-35_52-83_8/2020/05/05/20200505T1156.tiff,region-27_0-82_951-35_52-83_8,2020-05-05,300234068316210.0,1
region-27_0-82_951-35_52-83_8/2020/05/05/20200505T0702.tiff,region-27_0-82_951-35_52-83_8,2020-05-05,300234068316210.0,1
region-27_0-82_951-35_52-83_8/2020/05/06/20200506T0743.tiff,region-27_0-82_951-35_52-83_8,2020-05-06,300234068316210.0,1
region-27_2-82_348-35_0-83_2/2014/10/06/20141006T1407.tiff,region-27_2-82_348-35_0-83_2,2014-10-06,300234011246740.0,1
region-27_2-82_348-35_0-83_2/2014/10/08/20141008T1351.tiff,region-27_2-82_348-35_0-83_2,2014-10-08,300234011246740.0,1
region-27_2-82_348-35_0-83_2/2014/10/10/20141010T1334.tiff,region-27_2-82_348-35_0-83_2,2014-10-10,300234011246740.0,1
region-27_2-82_348-35_0-83_2/2014/10/11/20141011T1415.tiff,region-27_2-82_348-35_0-83_2,2014-10-11,300234011246740.0,1
region-27_2-82_348-35_0-83_2/2014/10/13/20141013T1359.tiff,region-27_2-82_348-35_0-83_2,2014-10-13,300234011246740.0,1
region-27_2-82_348-35_0-83_2/2014/12/19/20141219T1350.tiff,region-27_2-82_348-35_0-83_2,2014-12-19,300234061369400.0,1
region-27_2-82_348-35_0-83_2/2014/12/19/20141219T0719.tiff,region-27_2-82_348-35_0-83_2,2014-12-19,300234061369400.0,1
region-27_2-82_348-35_0-83_2/2014/12/20/20141220T0759.tiff,region-27_2-82_348-35_0-83_2,2014-12-20,300234061369400.0,1
region-27_2-82_348-35_0-83_2/2014/12/20/20141220T1431.tiff,region-27_2-82_348-35_0-83_2,2014-12-20,300234061369400.0,1
region-27_2-82_348-35_0-83_2/2014/12/21/20141221T1334.tiff,region-27_2-82_348-35_0-83_2,2014-12-21,300234061369400.0,1
region-27_2-82_348-35_0-83_2/2014/12/21/20141221T0702.tiff,region-27_2-82_348-35_0-83_2,2014-12-21,300234061369400.0,1
region-27_2-82_348-35_0-83_2/2015/03/18/20150318T1359.tiff,region-27_2-82_348-35_0-83_2,2015-03-18,90075.0,1
region-27_2-82_348-35_0-83_2/2015/03/18/20150318T0727.tiff,region-27_2-82_348-35_0-83_2,2015-03-18,90075.0,1
region-27_2-82_348-35_0-83_2/2015/03/19/20150319T1301.tiff,region-27_2-82_348-35_0-83_2,2015-03-19,90075.0,1
region-27_2-82_348-35_0-83_2/2015/03/19/20150319T0807.tiff,region-27_2-82_348-35_0-83_2,2015-03-19,90075.0,1
region-27_2-82_348-35_0-83_2/2015/03/20/20150320T0711.tiff,region-27_2-82_348-35_0-83_2,2015-03-20,90075.0,1
region-27_2-82_348-35_0-83_2/2015/03/20/20150320T1342.tiff,region-27_2-82_348-35_0-83_2,2015-03-20,90075.0,1
region-27_2-82_348-35_0-83_2/2015/03/21/20150321T0751.tiff,region-27_2-82_348-35_0-83_2,2015-03-21,90075.0,1
region-27_2-82_348-35_0-83_2/2015/03/21/20150321T1423.tiff,region-27_2-82_348-35_0-83_2,2015-03-21,90075.0,1
region-27_2-82_348-35_0-83_2/2015/05/03/20150503T0743.tiff,region-27_2-82_348-35_0-83_2,2015-05-03,300234060176700.0,1
region-27_2-82_348-35_0-83_2/2015/05/03/20150503T1415.tiff,region-27_2-82_348-35_0-83_2,2015-05-03,300234060176700.0,1
region-27_2-82_348-35_0-83_2/2015/05/04/20150504T1318.tiff,region-27_2-82_348-35_0-83_2,2015-05-04,300234060176700.0,1
region-27_2-82_348-35_0-83_2/2015/05/04/20150504T0824.tiff,region-27_2-82_348-35_0-83_2,2015-05-04,300234060176700.0,1
region-27_2-82_348-35_0-83_2/2015/05/05/20150505T1359.tiff,region-27_2-82_348-35_0-83_2,2015-05-05,300234060176700.0,1
region-27_2-82_348-35_0-83_2/2015/05/05/20150505T0727.tiff,region-27_2-82_348-35_0-83_2,2015-05-05,300234060176700.0,1
region-27_2-82_348-35_0-83_2/2015/05/06/20150506T1301.tiff,region-27_2-82_348-35_0-83_2,2015-05-06,300234060176700.0,1
region-27_2-82_348-35_0-83_2/2015/05/06/20150506T0807.tiff,region-27_2-82_348-35_0-83_2,2015-05-06,300234060176700.0,1
region-27_2-82_348-35_0-83_2/2015/05/07/20150507T1342.tiff,region-27_2-82_348-35_0-83_2,2015-05-07,300234060176700.0,1
region-27_2-82_348-35_0-83_2/2015/05/07/20150507T0711.tiff,region-27_2-82_348-35_0-83_2,2015-05-07,300234060176700.0,1
region-27_2-82_348-35_0-83_2/2015/05/20/20150520T0752.tiff,region-27_2-82_348-35_0-83_2,2015-05-20,300234060176700.0,1
region-27_2-82_348-35_0-83_2/2015/05/20/20150520T1423.tiff,region-27_2-82_348-35_0-83_2,2015-05-20,300234060176700.0,1
region-27_2-82_348-35_0-83_2/2015/05/21/20150521T1326.tiff,region-27_2-82_348-35_0-83_2,2015-05-21,300234060176700.0,1
region-27_2-82_348-35_0-83_2/2016/09/12/20160912T1327.tiff,region-27_2-82_348-35_0-83_2,2016-09-12,300234062788480.0,1
region-27_2-82_348-35_0-83_2/2016/11/01/20161101T0816.tiff,region-27_2-82_348-35_0-83_2,2016-11-01,300234062428050.0,1
region-27_2-82_348-35_0-83_2/2016/11/01/20161101T1310.tiff,region-27_2-82_348-35_0-83_2,2016-11-01,300234062428050.0,1
region-27_2-82_348-35_0-83_2/2016/11/03/20161103T0800.tiff,region-27_2-82_348-35_0-83_2,2016-11-03,300234062428050.0,1
region-27_2-82_348-35_0-83_2/2016/11/03/20161103T1254.tiff,region-27_2-82_348-35_0-83_2,2016-11-03,300234062428050.0,1
region-27_2-82_348-35_0-83_2/2016/11/05/20161105T0605.tiff,region-27_2-82_348-35_0-83_2,2016-11-05,300234062428050.0,1
region-27_2-82_348-35_0-83_2/2016/11/05/20161105T1415.tiff,region-27_2-82_348-35_0-83_2,2016-11-05,300234062428050.0,1
region-27_2-82_348-35_0-83_2/2016/11/06/20161106T0646.tiff,region-27_2-82_348-35_0-83_2,2016-11-06,300234062428050.0,1
region-27_2-82_348-35_0-83_2/2016/11/06/20161106T1318.tiff,region-27_2-82_348-35_0-83_2,2016-11-06,300234062428050.0,1
region-27_2-82_348-35_0-83_2/2017/10/01/20171001T0743.tiff,region-27_2-82_348-35_0-83_2,2017-10-01,300234061398600.0,1
region-27_2-82_348-35_0-83_2/2017/10/02/20171002T0824.tiff,region-27_2-82_348-35_0-83_2,2017-10-02,300234061398600.0,1
region-27_2-82_348-35_0-83_2/2017/10/03/20171003T0727.tiff,region-27_2-82_348-35_0-83_2,2017-10-03,300234061398600.0,1
region-27_2-82_348-35_0-83_2/2017/10/04/20171004T0807.tiff,region-27_2-82_348-35_0-83_2,2017-10-04,300234061398600.0,1
region-27_2-82_348-35_0-83_2/2019/05/01/20190501T0646.tiff,region-27_2-82_348-35_0-83_2,2019-05-01,52980.0,1
region-27_2-82_348-35_0-83_2/2019/05/02/20190502T0727.tiff,region-27_2-82_348-35_0-83_2,2019-05-02,52980.0,1
region-27_2-82_348-35_0-83_2/2019/05/03/20190503T0808.tiff,region-27_2-82_348-35_0-83_2,2019-05-03,52980.0,1
region-27_2-82_348-35_0-83_2/2019/11/18/20191118T0800.tiff,region-27_2-82_348-35_0-83_2,2019-11-18,300234065800040.0,1
region-27_2-82_348-35_0-83_2/2019/11/20/20191120T0743.tiff,region-27_2-82_348-35_0-83_2,2019-11-20,300234065800040.0,1
region-27_2-82_348-35_0-83_2/2019/11/21/20191121T0646.tiff,region-27_2-82_348-35_0-83_2,2019-11-21,300234065800040.0,1
region-27_2-82_348-35_0-83_2/2020/06/26/20200626T0808.tiff,region-27_2-82_348-35_0-83_2,2020-06-26,52960.0,1
region-27_2-82_348-35_0-83_2/2020/06/27/20200627T0710.tiff,region-27_2-82_348-35_0-83_2,2020-06-27,529600000000000.0,1
region-27_2-82_348-35_0-83_2/2021/02/03/20210203T0719.tiff,region-27_2-82_348-35_0-83_2,2021-02-03,300534060319790.0,1
region-27_2-82_348-35_0-83_2/2021/02/04/20210204T0800.tiff,region-27_2-82_348-35_0-83_2,2021-02-04,300534060319790.0,1
region-27_2-82_348-35_0-83_2/2021/02/05/20210205T0702.tiff,region-27_2-82_348-35_0-83_2,2021-02-05,300534060319790.0,1
region-27_765-81_753-35_0-82_6/2014/10/13/20141013T1359.tiff,region-27_765-81_753-35_0-82_6,2014-10-13,300234011246740.0,1
region-27_765-81_753-35_0-82_6/2016/09/12/20160912T1326.tiff,region-27_765-81_753-35_0-82_6,2016-09-12,300234062788480.0,1
region-27_765-81_753-35_0-82_6/2019/05/09/20190509T0541.tiff,region-27_765-81_753-35_0-82_6,2019-05-09,52959.0,1
region-27_765-81_753-35_0-82_6/2019/05/10/20190510T0622.tiff,region-27_765-81_753-35_0-82_6,2019-05-10,52959.0,1
region-27_765-81_753-35_0-82_6/2019/05/11/20190511T0702.tiff,region-27_765-81_753-35_0-82_6,2019-05-11,52959.0,1
region-27_765-81_753-35_0-82_6/2019/05/12/20190512T0605.tiff,region-27_765-81_753-35_0-82_6,2019-05-12,52959.0,1
region-27_765-81_753-35_0-82_6/2019/05/13/20190513T0646.tiff,region-27_765-81_753-35_0-82_6,2019-05-13,52959.0,1
region-27_765-81_753-35_0-82_6/2019/05/14/20190514T0549.tiff,region-27_765-81_753-35_0-82_6,2019-05-14,52959.0,1
region-27_765-81_753-35_0-82_6/2019/05/15/20190515T0630.tiff,region-27_765-81_753-35_0-82_6,2019-05-15,52959.0,1
region-27_765-81_753-35_0-82_6/2019/05/16/20190516T0710.tiff,region-27_765-81_753-35_0-82_6,2019-05-16,52959.0,1
region-27_765-81_753-35_0-82_6/2019/05/18/20190518T0654.tiff,region-27_765-81_753-35_0-82_6,2019-05-18,52959.0,1
region-27_765-81_753-35_0-82_6/2019/05/20/20190520T0638.tiff,region-27_765-81_753-35_0-82_6,2019-05-20,52959.0,1
region-27_765-81_753-35_0-82_6/2019/05/21/20190521T0541.tiff,region-27_765-81_753-35_0-82_6,2019-05-21,52959.0,1
region-27_765-81_753-35_0-82_6/2019/05/22/20190522T0622.tiff,region-27_765-81_753-35_0-82_6,2019-05-22,52959.0,1
region-27_765-81_753-35_0-82_6/2019/11/05/20191105T0541.tiff,region-27_765-81_753-35_0-82_6,2019-11-05,300234065800040.0,1
region-27_765-81_753-35_0-82_6/2019/11/10/20191110T0549.tiff,region-27_765-81_753-35_0-82_6,2019-11-10,300234065800040.0,1
region-27_765-81_753-35_0-82_6/2019/11/11/20191111T0630.tiff,region-27_765-81_753-35_0-82_6,2019-11-11,300234065800040.0,1
region-27_765-81_753-35_0-82_6/2019/11/12/20191112T0710.tiff,region-27_765-81_753-35_0-82_6,2019-11-12,300234065800040.0,1
region-27_765-81_753-35_0-82_6/2019/11/14/20191114T0654.tiff,region-27_765-81_753-35_0-82_6,2019-11-14,300234065800040.0,1
region-27_765-81_753-35_0-82_6/2019/11/15/20191115T0557.tiff,region-27_765-81_753-35_0-82_6,2019-11-15,300234065800040.0,1
region-27_765-81_753-35_0-82_6/2019/11/18/20191118T0622.tiff,region-27_765-81_753-35_0-82_6,2019-11-18,300234065800040.0,1
region-27_765-81_753-35_0-82_6/2019/12/08/20191208T0654.tiff,region-27_765-81_753-35_0-82_6,2019-12-08,300234065800040.0,1
region-27_765-81_753-35_0-82_6/2019/12/09/20191209T0557.tiff,region-27_765-81_753-35_0-82_6,2019-12-09,300234065800040.0,1
region-27_765-81_753-35_0-82_6/2019/12/10/20191210T0638.tiff,region-27_765-81_753-35_0-82_6,2019-12-10,300234065800040.0,1
region-27_765-81_753-35_0-82_6/2019/12/12/20191212T0622.tiff,region-27_765-81_753-35_0-82_6,2019-12-12,300234065800040.0,1
region-27_765-81_753-35_0-82_6/2019/12/13/20191213T0702.tiff,region-27_765-81_753-35_0-82_6,2019-12-13,300234065800040.0,1
region-27_765-81_753-35_0-82_6/2021/06/04/20210604T0622.tiff,region-27_765-81_753-35_0-82_6,2021-06-04,300234068816640.0,1
region-27_765-81_753-35_0-82_6/2021/06/05/20210605T0702.tiff,region-27_765-81_753-35_0-82_6,2021-06-05,300234068816640.0,1
region-27_765-81_753-35_0-82_6/2021/06/06/20210606T0605.tiff,region-27_765-81_753-35_0-82_6,2021-06-06,300234068816640.0,1
region-33_0-82_95-40_715-83_903/2014/10/08/20141008T1351.tiff,region-33_0-82_95-40_715-83_903,2014-10-08,300234061369400.0,1
region-33_0-82_95-40_715-83_903/2014/10/10/20141010T1334.tiff,region-33_0-82_95-40_715-83_903,2014-10-10,300234061369400.0,1
region-33_0-82_95-40_715-83_903/2014/10/20/20141020T1351.tiff,region-33_0-82_95-40_715-83_903,2014-10-20,300234061369400.0,1
region-33_0-82_95-40_715-83_903/2014/11/05/20141105T0645.tiff,region-33_0-82_95-40_715-83_903,2014-11-05,300234061369400.0,1
region-33_0-82_95-40_715-83_903/2014/11/06/20141106T0905.tiff,region-33_0-82_95-40_715-83_903,2014-11-06,300234061369400.0,1
region-33_0-82_95-40_715-83_903/2014/11/09/20141109T0751.tiff,region-33_0-82_95-40_715-83_903,2014-11-09,300234061369400.0,1
region-33_0-82_95-40_715-83_903/2014/11/10/20141110T0653.tiff,region-33_0-82_95-40_715-83_903,2014-11-10,300234061369400.0,1
region-33_0-82_95-40_715-83_903/2014/11/11/20141111T0913.tiff,region-33_0-82_95-40_715-83_903,2014-11-11,300234061369400.0,1
region-33_0-82_95-40_715-83_903/2014/12/06/20141206T1310.tiff,region-33_0-82_95-40_715-83_903,2014-12-06,300234061369400.0,1
region-33_0-82_95-40_715-83_903/2014/12/06/20141206T0637.tiff,region-33_0-82_95-40_715-83_903,2014-12-06,300234061369400.0,1
region-33_0-82_95-40_715-83_903/2014/12/06/20141206T1132.tiff,region-33_0-82_95-40_715-83_903,2014-12-06,300234061369400.0,1
region-33_0-82_95-40_715-83_903/2014/12/07/20141207T1350.tiff,region-33_0-82_95-40_715-83_903,2014-12-07,300234061369400.0,1
region-33_0-82_95-40_715-83_903/2014/12/07/20141207T0719.tiff,region-33_0-82_95-40_715-83_903,2014-12-07,300234061369400.0,1
region-33_0-82_95-40_715-83_903/2014/12/08/20141208T1253.tiff,region-33_0-82_95-40_715-83_903,2014-12-08,300234061369400.0,1
region-33_0-82_95-40_715-83_903/2014/12/08/20141208T0621.tiff,region-33_0-82_95-40_715-83_903,2014-12-08,300234061369400.0,1
region-33_0-82_95-40_715-83_903/2014/12/09/20141209T0702.tiff,region-33_0-82_95-40_715-83_903,2014-12-09,300234061369400.0,1
region-33_0-82_95-40_715-83_903/2014/12/09/20141209T1334.tiff,region-33_0-82_95-40_715-83_903,2014-12-09,300234061369400.0,1
region-33_0-82_95-40_715-83_903/2014/12/10/20141210T0743.tiff,region-33_0-82_95-40_715-83_903,2014-12-10,300234061369400.0,1
region-33_0-82_95-40_715-83_903/2014/12/22/20141222T0743.tiff,region-33_0-82_95-40_715-83_903,2014-12-22,"300234011247800.0,90074.0",2
region-33_0-82_95-40_715-83_903/2015/01/01/20150101T1253.tiff,region-33_0-82_95-40_715-83_903,2015-01-01,90075.0,1
region-33_0-82_95-40_715-83_903/2015/01/01/20150101T0621.tiff,region-33_0-82_95-40_715-83_903,2015-01-01,90075.0,1
region-33_0-82_95-40_715-83_903/2015/01/02/20150102T1334.tiff,region-33_0-82_95-40_715-83_903,2015-01-02,90075.0,1
region-33_0-82_95-40_715-83_903/2015/01/02/20150102T0702.tiff,region-33_0-82_95-40_715-83_903,2015-01-02,90075.0,1
region-33_0-82_95-40_715-83_903/2015/01/03/20150103T0743.tiff,region-33_0-82_95-40_715-83_903,2015-01-03,90075.0,1
region-33_0-82_95-40_715-83_903/2015/01/04/20150104T0646.tiff,region-33_0-82_95-40_715-83_903,2015-01-04,90075.0,1
region-33_0-82_95-40_715-83_903/2015/01/04/20150104T1318.tiff,region-33_0-82_95-40_715-83_903,2015-01-04,90075.0,1
region-33_0-82_95-40_715-83_903/2015/01/05/20150105T0727.tiff,region-33_0-82_95-40_715-83_903,2015-01-05,90075.0,1
region-33_0-82_95-40_715-83_903/2015/01/06/20150106T0629.tiff,region-33_0-82_95-40_715-83_903,2015-01-06,90075.0,1
region-33_0-82_95-40_715-83_903/2015/01/06/20150106T1301.tiff,region-33_0-82_95-40_715-83_903,2015-01-06,90075.0,1
region-33_0-82_95-40_715-83_903/2015/01/07/20150107T0711.tiff,region-33_0-82_95-40_715-83_903,2015-01-07,90075.0,1
region-33_0-82_95-40_715-83_903/2015/01/07/20150107T1342.tiff,region-33_0-82_95-40_715-83_903,2015-01-07,90075.0,1
region-33_0-82_95-40_715-83_903/2015/01/08/20150108T1245.tiff,region-33_0-82_95-40_715-83_903,2015-01-08,90075.0,1
region-33_0-82_95-40_715-83_903/2015/01/08/20150108T0750.tiff,region-33_0-82_95-40_715-83_903,2015-01-08,90075.0,1
region-33_0-82_95-40_715-83_903/2015/01/09/20150109T0831.tiff,region-33_0-82_95-40_715-83_903,2015-01-09,90075.0,1
region-33_0-82_95-40_715-83_903/2015/01/09/20150109T1326.tiff,region-33_0-82_95-40_715-83_903,2015-01-09,90075.0,1
region-33_0-82_95-40_715-83_903/2015/01/10/20150110T1407.tiff,region-33_0-82_95-40_715-83_903,2015-01-10,90075.0,1
region-33_0-82_95-40_715-83_903/2015/01/10/20150110T0735.tiff,region-33_0-82_95-40_715-83_903,2015-01-10,90075.0,1
region-33_0-82_95-40_715-83_903/2015/01/11/20150111T1309.tiff,region-33_0-82_95-40_715-83_903,2015-01-11,90075.0,1
region-33_0-82_95-40_715-83_903/2015/01/11/20150111T0637.tiff,region-33_0-82_95-40_715-83_903,2015-01-11,90075.0,1
region-33_0-82_95-40_715-83_903/2015/01/12/20150112T0719.tiff,region-33_0-82_95-40_715-83_903,2015-01-12,90075.0,1
region-33_0-82_95-40_715-83_903/2015/01/12/20150112T1350.tiff,region-33_0-82_95-40_715-83_903,2015-01-12,90075.0,1
region-33_0-82_95-40_715-83_903/2015/01/13/20150113T1253.tiff,region-33_0-82_95-40_715-83_903,2015-01-13,90075.0,1
region-33_0-82_95-40_715-83_903/2015/01/13/20150113T0759.tiff,region-33_0-82_95-40_715-83_903,2015-01-13,90075.0,1
region-33_0-82_95-40_715-83_903/2015/01/14/20150114T0702.tiff,region-33_0-82_95-40_715-83_903,2015-01-14,90075.0,1
region-33_0-82_95-40_715-83_903/2015/01/14/20150114T1334.tiff,region-33_0-82_95-40_715-83_903,2015-01-14,90075.0,1
region-33_0-82_95-40_715-83_903/2015/01/15/20150115T0743.tiff,region-33_0-82_95-40_715-83_903,2015-01-15,90075.0,1
region-33_0-82_95-40_715-83_903/2015/01/16/20150116T1318.tiff,region-33_0-82_95-40_715-83_903,2015-01-16,90075.0,1
region-33_0-82_95-40_715-83_903/2015/01/16/20150116T0646.tiff,region-33_0-82_95-40_715-83_903,2015-01-16,90075.0,1
region-33_0-82_95-40_715-83_903/2015/01/17/20150117T1220.tiff,region-33_0-82_95-40_715-83_903,2015-01-17,90075.0,1
region-33_0-82_95-40_715-83_903/2015/01/17/20150117T0727.tiff,region-33_0-82_95-40_715-83_903,2015-01-17,90075.0,1
region-33_0-82_95-40_715-83_903/2015/01/18/20150118T1301.tiff,region-33_0-82_95-40_715-83_903,2015-01-18,90075.0,1
region-33_0-82_95-40_715-83_903/2015/01/18/20150118T0629.tiff,region-33_0-82_95-40_715-83_903,2015-01-18,90075.0,1
region-33_0-82_95-40_715-83_903/2015/01/19/20150119T0711.tiff,region-33_0-82_95-40_715-83_903,2015-01-19,90075.0,1
region-33_0-82_95-40_715-83_903/2015/01/19/20150119T1342.tiff,region-33_0-82_95-40_715-83_903,2015-01-19,90075.0,1
region-33_0-82_95-40_715-83_903/2015/01/20/20150120T0613.tiff,region-33_0-82_95-40_715-83_903,2015-01-20,90075.0,1
region-33_0-82_95-40_715-83_903/2015/01/21/20150121T0654.tiff,region-33_0-82_95-40_715-83_903,2015-01-21,90075.0,1
region-33_0-82_95-40_715-83_903/2015/01/21/20150121T1326.tiff,region-33_0-82_95-40_715-83_903,2015-01-21,90075.0,1
region-33_0-82_95-40_715-83_903/2015/01/22/20150122T1407.tiff,region-33_0-82_95-40_715-83_903,2015-01-22,90075.0,1
region-33_0-82_95-40_715-83_903/2015/01/22/20150122T0735.tiff,region-33_0-82_95-40_715-83_903,2015-01-22,90075.0,1
region-33_0-82_95-40_715-83_903/2015/01/23/20150123T1132.tiff,region-33_0-82_95-40_715-83_903,2015-01-23,90075.0,1
region-33_0-82_95-40_715-83_903/2015/01/23/20150123T0637.tiff,region-33_0-82_95-40_715-83_903,2015-01-23,90075.0,1
region-33_0-82_95-40_715-83_903/2015/01/23/20150123T1309.tiff,region-33_0-82_95-40_715-83_903,2015-01-23,90075.0,1
region-33_0-82_95-40_715-83_903/2015/01/24/20150124T0719.tiff,region-33_0-82_95-40_715-83_903,2015-01-24,90075.0,1
region-33_0-82_95-40_715-83_903/2015/01/24/20150124T1350.tiff,region-33_0-82_95-40_715-83_903,2015-01-24,90075.0,1
region-33_0-82_95-40_715-83_903/2015/01/25/20150125T1253.tiff,region-33_0-82_95-40_715-83_903,2015-01-25,90075.0,1
region-33_0-82_95-40_715-83_903/2015/01/25/20150125T0621.tiff,region-33_0-82_95-40_715-83_903,2015-01-25,90075.0,1
region-33_0-82_95-40_715-83_903/2015/01/26/20150126T1334.tiff,region-33_0-82_95-40_715-83_903,2015-01-26,90075.0,1
region-33_0-82_95-40_715-83_903/2015/01/26/20150126T0702.tiff,region-33_0-82_95-40_715-83_903,2015-01-26,90075.0,1
region-33_0-82_95-40_715-83_903/2015/01/27/20150127T0743.tiff,region-33_0-82_95-40_715-83_903,2015-01-27,90075.0,1
region-33_0-82_95-40_715-83_903/2015/02/04/20150204T1309.tiff,region-33_0-82_95-40_715-83_903,2015-02-04,90075.0,1
region-33_0-82_95-40_715-83_903/2015/02/04/20150204T1132.tiff,region-33_0-82_95-40_715-83_903,2015-02-04,90075.0,1
region-33_0-82_95-40_715-83_903/2015/02/04/20150204T0637.tiff,region-33_0-82_95-40_715-83_903,2015-02-04,90075.0,1
region-33_0-82_95-40_715-83_903/2015/02/05/20150205T1350.tiff,region-33_0-82_95-40_715-83_903,2015-02-05,90075.0,1
region-33_0-82_95-40_715-83_903/2015/02/05/20150205T0719.tiff,region-33_0-82_95-40_715-83_903,2015-02-05,90075.0,1
region-33_0-82_95-40_715-83_903/2015/02/11/20150211T1301.tiff,region-33_0-82_95-40_715-83_903,2015-02-11,90075.0,1
region-33_0-82_95-40_715-83_903/2015/02/12/20150212T1342.tiff,region-33_0-82_95-40_715-83_903,2015-02-12,90075.0,1
region-33_0-82_95-40_715-83_903/2015/02/13/20150213T1245.tiff,region-33_0-82_95-40_715-83_903,2015-02-13,90075.0,1
region-33_0-82_95-40_715-83_903/2015/02/14/20150214T1326.tiff,region-33_0-82_95-40_715-83_903,2015-02-14,90075.0,1
region-33_0-82_95-40_715-83_903/2015/02/14/20150214T0831.tiff,region-33_0-82_95-40_715-83_903,2015-02-14,90075.0,1
region-33_0-82_95-40_715-83_903/2015/02/15/20150215T0735.tiff,region-33_0-82_95-40_715-83_903,2015-02-15,90075.0,1
region-33_0-82_95-40_715-83_903/2015/02/15/20150215T1407.tiff,region-33_0-82_95-40_715-83_903,2015-02-15,90075.0,1
region-33_0-82_95-40_715-83_903/2015/02/16/20150216T0637.tiff,region-33_0-82_95-40_715-83_903,2015-02-16,90075.0,1
region-33_0-82_95-40_715-83_903/2015/02/16/20150216T1309.tiff,region-33_0-82_95-40_715-83_903,2015-02-16,90075.0,1
region-33_0-82_95-40_715-83_903/2015/02/17/20150217T1350.tiff,region-33_0-82_95-40_715-83_903,2015-02-17,90075.0,1
region-33_0-82_95-40_715-83_903/2015/02/17/20150217T0719.tiff,region-33_0-82_95-40_715-83_903,2015-02-17,90075.0,1
region-33_0-82_95-40_715-83_903/2016/09/13/20160913T0735.tiff,region-33_0-82_95-40_715-83_903,2016-09-13,300234062788480.0,1
region-33_0-82_95-40_715-83_903/2016/11/30/20161130T0646.tiff,region-33_0-82_95-40_715-83_903,2016-11-30,300234062428050.0,1
region-33_0-82_95-40_715-83_903/2016/11/30/20161130T1318.tiff,region-33_0-82_95-40_715-83_903,2016-11-30,300234062428050.0,1
region-33_0-82_95-40_715-83_903/2016/12/01/20161201T1309.tiff,region-33_0-82_95-40_715-83_903,2016-12-01,300234062428050.0,1
region-33_0-82_95-40_715-83_903/2016/12/01/20161201T0727.tiff,region-33_0-82_95-40_715-83_903,2016-12-01,300234062428050.0,1
region-33_0-82_95-40_715-83_903/2016/12/02/20161202T1350.tiff,region-33_0-82_95-40_715-83_903,2016-12-02,300234062428050.0,1
region-33_0-82_95-40_715-83_903/2016/12/02/20161202T0630.tiff,region-33_0-82_95-40_715-83_903,2016-12-02,300234062428050.0,1
region-33_0-82_95-40_715-83_903/2016/12/02/20161202T1302.tiff,region-33_0-82_95-40_715-83_903,2016-12-02,300234062428050.0,1
region-33_0-82_95-40_715-83_903/2016/12/03/20161203T1343.tiff,region-33_0-82_95-40_715-83_903,2016-12-03,300234062428050.0,1
region-33_0-82_95-40_715-83_903/2017/09/30/20170930T0839.tiff,region-33_0-82_95-40_715-83_903,2017-09-30,90095.0,1
region-33_0-82_95-40_715-83_903/2017/09/30/20170930T1155.tiff,region-33_0-82_95-40_715-83_903,2017-09-30,90095.0,1
region-33_0-82_95-40_715-83_903/2017/10/01/20171001T0743.tiff,region-33_0-82_95-40_715-83_903,2017-10-01,90095.0,1
region-33_0-82_95-40_715-83_903/2017/10/04/20171004T0806.tiff,region-33_0-82_95-40_715-83_903,2017-10-04,"300234062836680.0,90095.0",2
region-33_0-82_95-40_715-83_903/2017/10/05/20171005T1204.tiff,region-33_0-82_95-40_715-83_903,2017-10-05,"300234062836680.0,90095.0",2
region-33_0-82_95-40_715-83_903/2017/10/05/20171005T0710.tiff,region-33_0-82_95-40_715-83_903,2017-10-05,"300234062836680.0,90095.0",2
region-33_0-82_95-40_715-83_903/2017/10/06/20171006T0750.tiff,region-33_0-82_95-40_715-83_903,2017-10-06,"300234062836680.0,90095.0",2
region-33_0-82_95-40_715-83_903/2017/10/07/20171007T1147.tiff,region-33_0-82_95-40_715-83_903,2017-10-07,"300234062836680.0,90095.0",2
region-33_0-82_95-40_715-83_903/2017/10/07/20171007T0831.tiff,region-33_0-82_95-40_715-83_903,2017-10-07,"300234062836680.0,90095.0",2
region-33_0-82_95-40_715-83_903/2017/10/08/20171008T0734.tiff,region-33_0-82_95-40_715-83_903,2017-10-08,300234062836680.0,1
region-33_0-82_95-40_715-83_903/2017/10/08/20171008T1228.tiff,region-33_0-82_95-40_715-83_903,2017-10-08,300234062836680.0,1
region-33_0-82_95-40_715-83_903/2017/10/09/20171009T0815.tiff,region-33_0-82_95-40_715-83_903,2017-10-09,"300234062836680.0,90095.0",2
region-33_0-82_95-40_715-83_903/2017/10/09/20171009T1131.tiff,region-33_0-82_95-40_715-83_903,2017-10-09,"300234062836680.0,90095.0",2
region-33_0-82_95-40_715-83_903/2017/10/10/20171010T0718.tiff,region-33_0-82_95-40_715-83_903,2017-10-10,300234062836680.0,1
region-33_0-82_95-40_715-83_903/2017/10/10/20171010T1212.tiff,region-33_0-82_95-40_715-83_903,2017-10-10,300234062836680.0,1
region-33_0-82_95-40_715-83_903/2017/10/15/20171015T1220.tiff,region-33_0-82_95-40_715-83_903,2017-10-15,300234062836680.0,1
region-33_0-82_95-40_715-83_903/2017/10/15/20171015T0726.tiff,region-33_0-82_95-40_715-83_903,2017-10-15,300234062836680.0,1
region-33_0-82_95-40_715-83_903/2019/04/12/20190412T1147.tiff,region-33_0-82_95-40_715-83_903,2019-04-12,52980.0,1
region-33_0-82_95-40_715-83_903/2019/04/12/20190412T0653.tiff,region-33_0-82_95-40_715-83_903,2019-04-12,52980.0,1
region-33_0-82_95-40_715-83_903/2019/04/13/20190413T1228.tiff,region-33_0-82_95-40_715-83_903,2019-04-13,52980.0,1
region-33_0-82_95-40_715-83_903/2019/04/13/20190413T0734.tiff,region-33_0-82_95-40_715-83_903,2019-04-13,52980.0,1
region-33_0-82_95-40_715-83_903/2019/04/19/20190419T1139.tiff,region-33_0-82_95-40_715-83_903,2019-04-19,52959.0,1
region-33_0-82_95-40_715-83_903/2019/04/19/20190419T0645.tiff,region-33_0-82_95-40_715-83_903,2019-04-19,52959.0,1
region-33_0-82_95-40_715-83_903/2019/04/20/20190420T1220.tiff,region-33_0-82_95-40_715-83_903,2019-04-20,52959.0,1
region-33_0-82_95-40_715-83_903/2019/04/20/20190420T0726.tiff,region-33_0-82_95-40_715-83_903,2019-04-20,52959.0,1
region-33_0-82_95-40_715-83_903/2019/04/21/20190421T0629.tiff,region-33_0-82_95-40_715-83_903,2019-04-21,52959.0,1
region-33_0-82_95-40_715-83_903/2019/04/22/20190422T1204.tiff,region-33_0-82_95-40_715-83_903,2019-04-22,52959.0,1
region-33_0-82_95-40_715-83_903/2019/04/22/20190422T0710.tiff,region-33_0-82_95-40_715-83_903,2019-04-22,52959.0,1
region-33_0-82_95-40_715-83_903/2019/04/24/20190424T0653.tiff,region-33_0-82_95-40_715-83_903,2019-04-24,52959.0,1
region-33_0-82_95-40_715-83_903/2019/04/24/20190424T1147.tiff,region-33_0-82_95-40_715-83_903,2019-04-24,52959.0,1
region-33_0-82_95-40_715-83_903/2019/04/25/20190425T1228.tiff,region-33_0-82_95-40_715-83_903,2019-04-25,52959.0,1
region-33_0-82_95-40_715-83_903/2019/04/25/20190425T0734.tiff,region-33_0-82_95-40_715-83_903,2019-04-25,52959.0,1
region-33_0-82_95-40_715-83_903/2019/04/26/20190426T0637.tiff,region-33_0-82_95-40_715-83_903,2019-04-26,52959.0,1
region-33_0-82_95-40_715-83_903/2019/04/26/20190426T1131.tiff,region-33_0-82_95-40_715-83_903,2019-04-26,52959.0,1
region-33_0-82_95-40_715-83_903/2019/05/31/20190531T0734.tiff,region-33_0-82_95-40_715-83_903,2019-05-31,300234065802030.0,1
region-33_0-82_95-40_715-83_903/2019/05/31/20190531T1228.tiff,region-33_0-82_95-40_715-83_903,2019-05-31,300234065802030.0,1
region-33_0-82_95-40_715-83_903/2019/06/01/20190601T0637.tiff,region-33_0-82_95-40_715-83_903,2019-06-01,300234065802030.0,1
region-33_0-82_95-40_715-83_903/2019/06/01/20190601T1131.tiff,region-33_0-82_95-40_715-83_903,2019-06-01,300234065802030.0,1
region-33_0-82_95-40_715-83_903/2019/06/02/20190602T1212.tiff,region-33_0-82_95-40_715-83_903,2019-06-02,300234065802030.0,1
region-33_0-82_95-40_715-83_903/2019/06/02/20190602T0718.tiff,region-33_0-82_95-40_715-83_903,2019-06-02,300234065802030.0,1
region-33_0-82_95-40_715-83_903/2019/06/03/20190603T0758.tiff,region-33_0-82_95-40_715-83_903,2019-06-03,300234065802030.0,1
region-33_0-82_95-40_715-83_903/2019/06/04/20190604T1155.tiff,region-33_0-82_95-40_715-83_903,2019-06-04,300234065802030.0,1
region-33_0-82_95-40_715-83_903/2019/06/04/20190604T0839.tiff,region-33_0-82_95-40_715-83_903,2019-06-04,300234065802030.0,1
region-33_0-82_95-40_715-83_903/2019/06/05/20190605T0743.tiff,region-33_0-82_95-40_715-83_903,2019-06-05,300234065802030.0,1
region-33_0-82_95-40_715-83_903/2019/06/06/20190606T0645.tiff,region-33_0-82_95-40_715-83_903,2019-06-06,300234065802030.0,1
region-33_0-82_95-40_715-83_903/2019/06/06/20190606T1139.tiff,region-33_0-82_95-40_715-83_903,2019-06-06,300234065802030.0,1
region-33_0-82_95-40_715-83_903/2019/06/07/20190607T1220.tiff,region-33_0-82_95-40_715-83_903,2019-06-07,300234065802030.0,1
region-33_0-82_95-40_715-83_903/2019/06/07/20190607T0726.tiff,region-33_0-82_95-40_715-83_903,2019-06-07,300234065802030.0,1
region-33_0-82_95-40_715-83_903/2019/06/08/20190608T0806.tiff,region-33_0-82_95-40_715-83_903,2019-06-08,300234065802030.0,1
region-33_0-82_95-40_715-83_903/2019/06/09/20190609T0710.tiff,region-33_0-82_95-40_715-83_903,2019-06-09,300234065802030.0,1
region-33_0-82_95-40_715-83_903/2019/06/09/20190609T1204.tiff,region-33_0-82_95-40_715-83_903,2019-06-09,300234065802030.0,1
region-33_0-82_95-40_715-83_903/2020/06/19/20200619T1131.tiff,region-33_0-82_95-40_715-83_903,2020-06-19,300234068312200.0,1
region-33_0-82_95-40_715-83_903/2020/06/19/20200619T0637.tiff,region-33_0-82_95-40_715-83_903,2020-06-19,300234068312200.0,1
region-33_0-82_95-40_715-83_903/2020/06/20/20200620T0719.tiff,region-33_0-82_95-40_715-83_903,2020-06-20,300234068312200.0,1
region-33_0-82_95-40_715-83_903/2020/06/20/20200620T1212.tiff,region-33_0-82_95-40_715-83_903,2020-06-20,300234068312200.0,1
region-33_0-82_95-40_715-83_903/2020/06/21/20200621T0758.tiff,region-33_0-82_95-40_715-83_903,2020-06-21,300234068312200.0,1
region-33_0-82_95-40_715-83_903/2020/06/22/20200622T1156.tiff,region-33_0-82_95-40_715-83_903,2020-06-22,300234068312200.0,1
region-33_0-82_95-40_715-83_903/2020/06/22/20200622T0839.tiff,region-33_0-82_95-40_715-83_903,2020-06-22,300234068312200.0,1
region-33_0-82_95-40_715-83_903/2020/06/23/20200623T0743.tiff,region-33_0-82_95-40_715-83_903,2020-06-23,300234068312200.0,1
region-33_0-82_95-40_715-83_903/2020/06/24/20200624T0645.tiff,region-33_0-82_95-40_715-83_903,2020-06-24,300234068312200.0,1
region-33_0-82_95-40_715-83_903/2020/06/24/20200624T1139.tiff,region-33_0-82_95-40_715-83_903,2020-06-24,300234068312200.0,1
region-33_0-82_95-40_715-83_903/2020/06/29/20200629T0653.tiff,region-33_0-82_95-40_715-83_903,2020-06-29,300234068312200.0,1
region-33_0-82_95-40_715-83_903/2020/06/29/20200629T1147.tiff,region-33_0-82_95-40_715-83_903,2020-06-29,300234068312200.0,1
region-33_0-82_95-40_715-83_903/2020/06/30/20200630T0912.tiff,region-33_0-82_95-40_715-83_903,2020-06-30,300234068312200.0,1
region-33_0-82_95-40_715-83_903/2020/06/30/20200630T1228.tiff,region-33_0-82_95-40_715-83_903,2020-06-30,300234068312200.0,1
region-33_0-82_95-40_715-83_903/2020/07/01/20200701T1131.tiff,region-33_0-82_95-40_715-83_903,2020-07-01,300234068312200.0,1
region-33_0-82_95-40_715-83_903/2020/07/01/20200701T0637.tiff,region-33_0-82_95-40_715-83_903,2020-07-01,300234068312200.0,1
region-33_0-82_95-40_715-83_903/2020/07/02/20200702T1212.tiff,region-33_0-82_95-40_715-83_903,2020-07-02,300234068312200.0,1
region-33_0-82_95-40_715-83_903/2020/07/02/20200702T0719.tiff,region-33_0-82_95-40_715-83_903,2020-07-02,300234068312200.0,1
region-33_0-82_95-40_715-83_903/2020/07/03/20200703T0758.tiff,region-33_0-82_95-40_715-83_903,2020-07-03,300234068312200.0,1
region-33_0-82_95-40_715-83_903/2021/05/21/20210521T0637.tiff,region-33_0-82_95-40_715-83_903,2021-05-21,174646.0,1
region-33_0-82_95-40_715-83_903/2021/05/21/20210521T1131.tiff,region-33_0-82_95-40_715-83_903,2021-05-21,174646.0,1
region-33_0-82_95-40_715-83_903/2021/05/22/20210522T1212.tiff,region-33_0-82_95-40_715-83_903,2021-05-22,174646.0,1
region-33_0-82_95-40_715-83_903/2021/05/22/20210522T0719.tiff,region-33_0-82_95-40_715-83_903,2021-05-22,174646.0,1
region-33_0-82_95-40_715-83_903/2021/05/23/20210523T0759.tiff,region-33_0-82_95-40_715-83_903,2021-05-23,174646.0,1
region-33_0-82_95-40_715-83_903/2021/11/30/20211130T1212.tiff,region-33_0-82_95-40_715-83_903,2021-11-30,300534061341560.0,1
region-33_0-82_95-40_715-83_903/2021/11/30/20211130T0719.tiff,region-33_0-82_95-40_715-83_903,2021-11-30,300534061341560.0,1
region-33_0-82_95-40_715-83_903/2021/12/09/20211209T0654.tiff,region-33_0-82_95-40_715-83_903,2021-12-09,300534061341560.0,1
region-33_0-82_95-40_715-83_903/2021/12/09/20211209T1148.tiff,region-33_0-82_95-40_715-83_903,2021-12-09,300534061341560.0,1
region-33_07-82_34-40_1-83_297/2014/10/10/20141010T1334.tiff,region-33_07-82_34-40_1-83_297,2014-10-10,300234061369400.0,1
region-33_07-82_34-40_1-83_297/2014/10/12/20141012T0646.tiff,region-33_07-82_34-40_1-83_297,2014-10-12,300234061369400.0,1
region-33_07-82_34-40_1-83_297/2014/10/13/20141013T1359.tiff,region-33_07-82_34-40_1-83_297,2014-10-13,300234061369400.0,1
region-33_07-82_34-40_1-83_297/2014/10/15/20141015T1342.tiff,region-33_07-82_34-40_1-83_297,2014-10-15,300234061369400.0,1
region-33_07-82_34-40_1-83_297/2014/10/17/20141017T0516.tiff,region-33_07-82_34-40_1-83_297,2014-10-17,300234061369400.0,1
region-33_07-82_34-40_1-83_297/2014/10/20/20141020T1351.tiff,region-33_07-82_34-40_1-83_297,2014-10-20,300234061369400.0,1
region-33_07-82_34-40_1-83_297/2014/11/12/20141112T0637.tiff,region-33_07-82_34-40_1-83_297,2014-11-12,300234061369400.0,1
region-33_07-82_34-40_1-83_297/2014/11/13/20141113T1351.tiff,region-33_07-82_34-40_1-83_297,2014-11-13,300234061369400.0,1
region-33_07-82_34-40_1-83_297/2014/11/14/20141114T0621.tiff,region-33_07-82_34-40_1-83_297,2014-11-14,300234061369400.0,1
region-33_07-82_34-40_1-83_297/2014/11/15/20141115T1334.tiff,region-33_07-82_34-40_1-83_297,2014-11-15,300234061369400.0,1
region-33_07-82_34-40_1-83_297/2014/11/15/20141115T0702.tiff,region-33_07-82_34-40_1-83_297,2014-11-15,300234061369400.0,1
region-33_07-82_34-40_1-83_297/2014/11/16/20141116T0743.tiff,region-33_07-82_34-40_1-83_297,2014-11-16,300234061369400.0,1
region-33_07-82_34-40_1-83_297/2014/11/17/20141117T0645.tiff,region-33_07-82_34-40_1-83_297,2014-11-17,300234061369400.0,1
region-33_07-82_34-40_1-83_297/2014/11/21/20141121T0613.tiff,region-33_07-82_34-40_1-83_297,2014-11-21,300234061369400.0,1
region-33_07-82_34-40_1-83_297/2014/11/22/20141122T0653.tiff,region-33_07-82_34-40_1-83_297,2014-11-22,300234061369400.0,1
region-33_07-82_34-40_1-83_297/2014/11/24/20141124T0637.tiff,region-33_07-82_34-40_1-83_297,2014-11-24,300234061369400.0,1
region-33_07-82_34-40_1-83_297/2014/11/25/20141125T1351.tiff,region-33_07-82_34-40_1-83_297,2014-11-25,300234061369400.0,1
region-33_07-82_34-40_1-83_297/2014/11/26/20141126T0621.tiff,region-33_07-82_34-40_1-83_297,2014-11-26,300234061369400.0,1
region-33_07-82_34-40_1-83_297/2016/11/10/20161110T0613.tiff,region-33_07-82_34-40_1-83_297,2016-11-10,300234062428050.0,1
region-33_07-82_34-40_1-83_297/2016/12/14/20161214T1350.tiff,region-33_07-82_34-40_1-83_297,2016-12-14,300234062428050.0,1
region-33_07-82_34-40_1-83_297/2016/12/14/20161214T0630.tiff,region-33_07-82_34-40_1-83_297,2016-12-14,300234062428050.0,1
region-33_07-82_34-40_1-83_297/2019/04/26/20190426T0637.tiff,region-33_07-82_34-40_1-83_297,2019-04-26,52959.0,1
region-33_07-82_34-40_1-83_297/2019/04/27/20190427T1212.tiff,region-33_07-82_34-40_1-83_297,2019-04-27,52959.0,1
region-33_07-82_34-40_1-83_297/2019/04/27/20190427T0718.tiff,region-33_07-82_34-40_1-83_297,2019-04-27,52959.0,1
region-33_07-82_34-40_1-83_297/2019/04/28/20190428T0621.tiff,region-33_07-82_34-40_1-83_297,2019-04-28,52959.0,1
region-33_07-82_34-40_1-83_297/2019/04/29/20190429T0702.tiff,region-33_07-82_34-40_1-83_297,2019-04-29,52959.0,1
region-33_07-82_34-40_1-83_297/2019/04/30/20190430T0743.tiff,region-33_07-82_34-40_1-83_297,2019-04-30,52959.0,1
region-33_07-82_34-40_1-83_297/2019/05/01/20190501T0645.tiff,region-33_07-82_34-40_1-83_297,2019-05-01,52959.0,1
region-33_07-82_34-40_1-83_297/2019/05/02/20190502T1220.tiff,region-33_07-82_34-40_1-83_297,2019-05-02,52959.0,1
region-33_07-82_34-40_1-83_297/2019/05/02/20190502T0727.tiff,region-33_07-82_34-40_1-83_297,2019-05-02,52959.0,1
region-33_07-82_34-40_1-83_297/2019/06/11/20190611T0653.tiff,region-33_07-82_34-40_1-83_297,2019-06-11,300234065802030.0,1
region-33_07-82_34-40_1-83_297/2019/06/12/20190612T1228.tiff,region-33_07-82_34-40_1-83_297,2019-06-12,300234065802030.0,1
region-33_07-82_34-40_1-83_297/2019/06/13/20190613T0637.tiff,region-33_07-82_34-40_1-83_297,2019-06-13,300234065802030.0,1
region-33_07-82_34-40_1-83_297/2019/06/14/20190614T0718.tiff,region-33_07-82_34-40_1-83_297,2019-06-14,300234065802030.0,1
region-33_07-82_34-40_1-83_297/2019/06/14/20190614T1212.tiff,region-33_07-82_34-40_1-83_297,2019-06-14,300234065802030.0,1
region-33_07-82_34-40_1-83_297/2019/06/15/20190615T0758.tiff,region-33_07-82_34-40_1-83_297,2019-06-15,300234065802030.0,1
region-33_07-82_34-40_1-83_297/2019/07/03/20190703T1204.tiff,region-33_07-82_34-40_1-83_297,2019-07-03,300234065801030.0,1
region-33_07-82_34-40_1-83_297/2019/07/03/20190703T0710.tiff,region-33_07-82_34-40_1-83_297,2019-07-03,300234065801030.0,1
region-33_07-82_34-40_1-83_297/2019/07/05/20190705T0653.tiff,region-33_07-82_34-40_1-83_297,2019-07-05,300234065801030.0,1
region-33_07-82_34-40_1-83_297/2019/07/06/20190706T1228.tiff,region-33_07-82_34-40_1-83_297,2019-07-06,300234065801030.0,1
region-33_07-82_34-40_1-83_297/2019/07/07/20190707T0637.tiff,region-33_07-82_34-40_1-83_297,2019-07-07,300234065801030.0,1
region-33_07-82_34-40_1-83_297/2019/07/08/20190708T1212.tiff,region-33_07-82_34-40_1-83_297,2019-07-08,300234065801030.0,1
region-33_07-82_34-40_1-83_297/2019/07/09/20190709T0758.tiff,region-33_07-82_34-40_1-83_297,2019-07-09,300234065801030.0,1
region-33_07-82_34-40_1-83_297/2019/07/10/20190710T0702.tiff,region-33_07-82_34-40_1-83_297,2019-07-10,300234065801030.0,1
region-33_07-82_34-40_1-83_297/2019/07/11/20190711T0743.tiff,region-33_07-82_34-40_1-83_297,2019-07-11,300234065801030.0,1
region-33_07-82_34-40_1-83_297/2019/07/12/20190712T0645.tiff,region-33_07-82_34-40_1-83_297,2019-07-12,300234065801030.0,1
region-33_07-82_34-40_1-83_297/2019/07/13/20190713T1220.tiff,region-33_07-82_34-40_1-83_297,2019-07-13,300234065801030.0,1
region-33_07-82_34-40_1-83_297/2019/07/13/20190713T0727.tiff,region-33_07-82_34-40_1-83_297,2019-07-13,300234065801030.0,1
region-33_07-82_34-40_1-83_297/2019/07/14/20190714T0807.tiff,region-33_07-82_34-40_1-83_297,2019-07-14,300234065801030.0,1
region-33_07-82_34-40_1-83_297/2019/07/15/20190715T1204.tiff,region-33_07-82_34-40_1-83_297,2019-07-15,300234065801030.0,1
region-33_07-82_34-40_1-83_297/2019/07/15/20190715T0710.tiff,region-33_07-82_34-40_1-83_297,2019-07-15,300234065801030.0,1
region-33_07-82_34-40_1-83_297/2019/07/17/20190717T0653.tiff,region-33_07-82_34-40_1-83_297,2019-07-17,300234065801030.0,1
region-33_07-82_34-40_1-83_297/2019/07/18/20190718T1228.tiff,region-33_07-82_34-40_1-83_297,2019-07-18,300234065801030.0,1
region-33_07-82_34-40_1-83_297/2019/07/19/20190719T0637.tiff,region-33_07-82_34-40_1-83_297,2019-07-19,300234065801030.0,1
region-33_07-82_34-40_1-83_297/2019/07/20/20190720T0718.tiff,region-33_07-82_34-40_1-83_297,2019-07-20,300234065801030.0,1
region-33_07-82_34-40_1-83_297/2019/07/20/20190720T1212.tiff,region-33_07-82_34-40_1-83_297,2019-07-20,300234065801030.0,1
region-33_07-82_34-40_1-83_297/2019/07/21/20190721T0758.tiff,region-33_07-82_34-40_1-83_297,2019-07-21,300234065801030.0,1
region-33_07-82_34-40_1-83_297/2019/07/22/20190722T0702.tiff,region-33_07-82_34-40_1-83_297,2019-07-22,300234065801030.0,1
region-33_07-82_34-40_1-83_297/2019/07/23/20190723T0743.tiff,region-33_07-82_34-40_1-83_297,2019-07-23,300234065801030.0,1
region-33_07-82_34-40_1-83_297/2019/07/24/20190724T0645.tiff,region-33_07-82_34-40_1-83_297,2019-07-24,300234065801030.0,1
region-33_07-82_34-40_1-83_297/2019/07/25/20190725T0727.tiff,region-33_07-82_34-40_1-83_297,2019-07-25,300234065801030.0,1
region-33_07-82_34-40_1-83_297/2019/07/25/20190725T1220.tiff,region-33_07-82_34-40_1-83_297,2019-07-25,300234065801030.0,1
region-33_07-82_34-40_1-83_297/2019/07/26/20190726T0807.tiff,region-33_07-82_34-40_1-83_297,2019-07-26,300234065801030.0,1
region-33_07-82_34-40_1-83_297/2019/07/27/20190727T1204.tiff,region-33_07-82_34-40_1-83_297,2019-07-27,300234065801030.0,1
region-33_07-82_34-40_1-83_297/2019/07/27/20190727T0710.tiff,region-33_07-82_34-40_1-83_297,2019-07-27,300234065801030.0,1
region-33_07-82_34-40_1-83_297/2019/07/29/20190729T0653.tiff,region-33_07-82_34-40_1-83_297,2019-07-29,300234065801030.0,1
region-33_07-82_34-40_1-83_297/2019/07/30/20190730T1228.tiff,region-33_07-82_34-40_1-83_297,2019-07-30,300234065801030.0,1
region-33_07-82_34-40_1-83_297/2019/10/24/20191024T1212.tiff,region-33_07-82_34-40_1-83_297,2019-10-24,300234065800040.0,1
region-33_07-82_34-40_1-83_297/2019/10/24/20191024T0719.tiff,region-33_07-82_34-40_1-83_297,2019-10-24,300234065800040.0,1
region-33_07-82_34-40_1-83_297/2019/10/26/20191026T0702.tiff,region-33_07-82_34-40_1-83_297,2019-10-26,300234065800040.0,1
region-33_07-82_34-40_1-83_297/2019/11/23/20191123T0629.tiff,region-33_07-82_34-40_1-83_297,2019-11-23,300234065800040.0,1
region-33_2-81_641-39_585-82_6/2019/04/06/20190406T0604.tiff,region-33_2-81_641-39_585-82_6,2019-04-06,52988.0,1
region-33_2-81_641-39_585-82_6/2019/05/02/20190502T0548.tiff,region-33_2-81_641-39_585-82_6,2019-05-02,52959.0,1
region-33_2-81_641-39_585-82_6/2019/05/03/20190503T0629.tiff,region-33_2-81_641-39_585-82_6,2019-05-03,52959.0,1
region-33_2-81_641-39_585-82_6/2019/05/04/20190504T0531.tiff,region-33_2-81_641-39_585-82_6,2019-05-04,52959.0,1
region-33_2-81_641-39_585-82_6/2019/05/06/20190506T0653.tiff,region-33_2-81_641-39_585-82_6,2019-05-06,52959.0,1
region-33_2-81_641-39_585-82_6/2019/05/07/20190507T1228.tiff,region-33_2-81_641-39_585-82_6,2019-05-07,52959.0,1
region-33_2-81_641-39_585-82_6/2019/05/08/20190508T0637.tiff,region-33_2-81_641-39_585-82_6,2019-05-08,52959.0,1
region-33_2-81_641-39_585-82_6/2019/05/09/20190509T0540.tiff,region-33_2-81_641-39_585-82_6,2019-05-09,52959.0,1
region-33_2-81_641-39_585-82_6/2019/06/15/20190615T0622.tiff,region-33_2-81_641-39_585-82_6,2019-06-15,300234065802030.0,1
region-33_2-81_641-39_585-82_6/2019/06/18/20190618T0645.tiff,region-33_2-81_641-39_585-82_6,2019-06-18,300234065802030.0,1
region-33_2-81_641-39_585-82_6/2019/06/19/20190619T0548.tiff,region-33_2-81_641-39_585-82_6,2019-06-19,300234065802030.0,1
region-33_2-81_641-39_585-82_6/2019/06/20/20190620T0629.tiff,region-33_2-81_641-39_585-82_6,2019-06-20,300234065802030.0,1
region-33_2-81_641-39_585-82_6/2019/06/21/20190621T0532.tiff,region-33_2-81_641-39_585-82_6,2019-06-21,300234065802030.0,1
region-33_2-81_641-39_585-82_6/2019/06/23/20190623T0653.tiff,region-33_2-81_641-39_585-82_6,2019-06-23,300234065802030.0,1
region-33_2-81_641-39_585-82_6/2019/07/29/20190729T0653.tiff,region-33_2-81_641-39_585-82_6,2019-07-29,300234065801030.0,1
region-33_2-81_641-39_585-82_6/2019/07/30/20190730T1228.tiff,region-33_2-81_641-39_585-82_6,2019-07-30,300234065801030.0,1
region-33_2-81_641-39_585-82_6/2019/08/02/20190802T0622.tiff,region-33_2-81_641-39_585-82_6,2019-08-02,300234065801030.0,1
region-33_2-81_641-39_585-82_6/2019/08/10/20190810T0653.tiff,region-33_2-81_641-39_585-82_6,2019-08-10,300234065801030.0,1
region-33_2-81_641-39_585-82_6/2019/10/27/20191027T0604.tiff,region-33_2-81_641-39_585-82_6,2019-10-27,300234065800040.0,1
region-33_2-81_641-39_585-82_6/2019/10/30/20191030T0629.tiff,region-33_2-81_641-39_585-82_6,2019-10-30,300234065800040.0,1
region-33_2-81_641-39_585-82_6/2019/10/31/20191031T0532.tiff,region-33_2-81_641-39_585-82_6,2019-10-31,300234065800040.0,1
region-33_2-81_641-39_585-82_6/2019/11/02/20191102T0653.tiff,region-33_2-81_641-39_585-82_6,2019-11-02,300234065800040.0,1
region-33_2-81_641-39_585-82_6/2019/11/24/20191124T0532.tiff,region-33_2-81_641-39_585-82_6,2019-11-24,300234065800040.0,1
region-33_2-81_641-39_585-82_6/2019/11/26/20191126T0653.tiff,region-33_2-81_641-39_585-82_6,2019-11-26,300234065800040.0,1
region-33_2-81_641-39_585-82_6/2019/11/27/20191127T0556.tiff,region-33_2-81_641-39_585-82_6,2019-11-27,300234065800040.0,1
region-33_2-81_641-39_585-82_6/2019/11/27/20191127T1228.tiff,region-33_2-81_641-39_585-82_6,2019-11-27,300234065800040.0,1
region-33_2-81_641-39_585-82_6/2019/11/29/20191129T0540.tiff,region-33_2-81_641-39_585-82_6,2019-11-29,300234065800040.0,1
region-33_2-81_641-39_585-82_6/2019/11/30/20191130T0622.tiff,region-33_2-81_641-39_585-82_6,2019-11-30,300234065800040.0,1
region-33_2-81_641-39_585-82_6/2019/12/01/20191201T0523.tiff,region-33_2-81_641-39_585-82_6,2019-12-01,300234065800040.0,1
region-33_2-81_641-39_585-82_6/2019/12/02/20191202T0604.tiff,region-33_2-81_641-39_585-82_6,2019-12-02,300234065800040.0,1
region-33_2-81_641-39_585-82_6/2019/12/03/20191203T0645.tiff,region-33_2-81_641-39_585-82_6,2019-12-03,300234065800040.0,1
region-33_2-81_641-39_585-82_6/2019/12/04/20191204T0548.tiff,region-33_2-81_641-39_585-82_6,2019-12-04,300234065800040.0,1
region-33_2-81_641-39_585-82_6/2019/12/05/20191205T0629.tiff,region-33_2-81_641-39_585-82_6,2019-12-05,300234065800040.0,1
region-38_38-81_728-45_44-82_6/2019/04/01/20190401T0556.tiff,region-38_38-81_728-45_44-82_6,2019-04-01,52988.0,1
region-38_38-81_728-45_44-82_6/2019/04/28/20190428T0621.tiff,region-38_38-81_728-45_44-82_6,2019-04-28,52985.0,1
region-38_38-81_728-45_44-82_6/2019/04/29/20190429T0523.tiff,region-38_38-81_728-45_44-82_6,2019-04-29,52985.0,1
region-38_38-81_728-45_44-82_6/2019/04/30/20190430T0604.tiff,region-38_38-81_728-45_44-82_6,2019-04-30,52985.0,1
region-38_38-81_728-45_44-82_6/2019/05/01/20190501T0507.tiff,region-38_38-81_728-45_44-82_6,2019-05-01,52985.0,1
region-38_38-81_728-45_44-82_6/2019/05/02/20190502T0548.tiff,region-38_38-81_728-45_44-82_6,2019-05-02,52985.0,1
region-38_38-81_728-45_44-82_6/2019/05/02/20190502T1220.tiff,region-38_38-81_728-45_44-82_6,2019-05-02,52985.0,1
region-38_38-81_728-45_44-82_6/2019/07/31/20190731T0459.tiff,region-38_38-81_728-45_44-82_6,2019-07-31,300234065801030.0,1
region-38_38-81_728-45_44-82_6/2019/08/01/20190801T1212.tiff,region-38_38-81_728-45_44-82_6,2019-08-01,300234065801030.0,1
region-38_38-81_728-45_44-82_6/2019/08/01/20190801T0540.tiff,region-38_38-81_728-45_44-82_6,2019-08-01,300234065801030.0,1
region-38_38-81_728-45_44-82_6/2019/08/04/20190804T0604.tiff,region-38_38-81_728-45_44-82_6,2019-08-04,300234065801030.0,1
region-38_38-81_728-45_44-82_6/2019/08/05/20190805T0507.tiff,region-38_38-81_728-45_44-82_6,2019-08-05,300234065801030.0,1
region-38_38-81_728-45_44-82_6/2019/08/06/20190806T0548.tiff,region-38_38-81_728-45_44-82_6,2019-08-06,300234065801030.0,1
region-38_38-81_728-45_44-82_6/2019/08/06/20190806T1220.tiff,region-38_38-81_728-45_44-82_6,2019-08-06,300234065801030.0,1
region-38_38-81_728-45_44-82_6/2019/08/07/20190807T0629.tiff,region-38_38-81_728-45_44-82_6,2019-08-07,300234065801030.0,1
region-38_38-81_728-45_44-82_6/2019/08/08/20190808T0532.tiff,region-38_38-81_728-45_44-82_6,2019-08-08,300234065801030.0,1
region-38_38-81_728-45_44-82_6/2019/08/08/20190808T1204.tiff,region-38_38-81_728-45_44-82_6,2019-08-08,300234065801030.0,1
region-38_38-81_728-45_44-82_6/2019/08/09/20190809T0434.tiff,region-38_38-81_728-45_44-82_6,2019-08-09,300234065801030.0,1
region-38_38-81_728-45_44-82_6/2019/08/10/20190810T0515.tiff,region-38_38-81_728-45_44-82_6,2019-08-10,300234065801030.0,1
region-38_38-81_728-45_44-82_6/2020/03/20/20200320T0507.tiff,region-38_38-81_728-45_44-82_6,2020-03-20,300234065762310.0,1
region-38_38-82_95-46_0-83_913/2014/11/07/20141107T0629.tiff,region-38_38-82_95-46_0-83_913,2014-11-07,300234061369400.0,1
region-38_38-82_95-46_0-83_913/2014/11/08/20141108T0848.tiff,region-38_38-82_95-46_0-83_913,2014-11-08,300234061369400.0,1
region-38_38-82_95-46_0-83_913/2014/11/09/20141109T0613.tiff,region-38_38-82_95-46_0-83_913,2014-11-09,300234061369400.0,1
region-38_38-82_95-46_0-83_913/2014/12/01/20141201T0629.tiff,region-38_38-82_95-46_0-83_913,2014-12-01,300234061369400.0,1
region-38_38-82_95-46_0-83_913/2014/12/01/20141201T1301.tiff,region-38_38-82_95-46_0-83_913,2014-12-01,300234061369400.0,1
region-38_38-82_95-46_0-83_913/2014/12/02/20141202T0709.tiff,region-38_38-82_95-46_0-83_913,2014-12-02,300234061369400.0,1
region-38_38-82_95-46_0-83_913/2014/12/03/20141203T0613.tiff,region-38_38-82_95-46_0-83_913,2014-12-03,300234061369400.0,1
region-38_38-82_95-46_0-83_913/2014/12/04/20141204T1326.tiff,region-38_38-82_95-46_0-83_913,2014-12-04,300234061369400.0,1
region-38_38-82_95-46_0-83_913/2014/12/04/20141204T0654.tiff,region-38_38-82_95-46_0-83_913,2014-12-04,300234061369400.0,1
region-38_38-82_95-46_0-83_913/2014/12/05/20141205T0557.tiff,region-38_38-82_95-46_0-83_913,2014-12-05,300234061369400.0,1
region-38_38-82_95-46_0-83_913/2014/12/06/20141206T1310.tiff,region-38_38-82_95-46_0-83_913,2014-12-06,300234061369400.0,1
region-38_38-82_95-46_0-83_913/2014/12/06/20141206T0637.tiff,region-38_38-82_95-46_0-83_913,2014-12-06,300234061369400.0,1
region-38_38-82_95-46_0-83_913/2014/12/08/20141208T1253.tiff,region-38_38-82_95-46_0-83_913,2014-12-08,"300234011247800.0,90074.0",2
region-38_38-82_95-46_0-83_913/2014/12/08/20141208T0621.tiff,region-38_38-82_95-46_0-83_913,2014-12-08,"300234011247800.0,90074.0",2
region-38_38-82_95-46_0-83_913/2014/12/20/20141220T0621.tiff,region-38_38-82_95-46_0-83_913,2014-12-20,90075.0,1
region-38_38-82_95-46_0-83_913/2014/12/20/20141220T1253.tiff,region-38_38-82_95-46_0-83_913,2014-12-20,90075.0,1
region-38_38-82_95-46_0-83_913/2014/12/21/20141221T0702.tiff,region-38_38-82_95-46_0-83_913,2014-12-21,90075.0,1
region-38_38-82_95-46_0-83_913/2014/12/22/20141222T0743.tiff,region-38_38-82_95-46_0-83_913,2014-12-22,90075.0,1
region-38_38-82_95-46_0-83_913/2014/12/23/20141223T0646.tiff,region-38_38-82_95-46_0-83_913,2014-12-23,90075.0,1
region-38_38-82_95-46_0-83_913/2014/12/23/20141223T1318.tiff,region-38_38-82_95-46_0-83_913,2014-12-23,90075.0,1
region-38_38-82_95-46_0-83_913/2014/12/24/20141224T1359.tiff,region-38_38-82_95-46_0-83_913,2014-12-24,90075.0,1
region-38_38-82_95-46_0-83_913/2014/12/25/20141225T1301.tiff,region-38_38-82_95-46_0-83_913,2014-12-25,90075.0,1
region-38_38-82_95-46_0-83_913/2014/12/25/20141225T0629.tiff,region-38_38-82_95-46_0-83_913,2014-12-25,90075.0,1
region-38_38-82_95-46_0-83_913/2014/12/26/20141226T0709.tiff,region-38_38-82_95-46_0-83_913,2014-12-26,90075.0,1
region-38_38-82_95-46_0-83_913/2014/12/27/20141227T1245.tiff,region-38_38-82_95-46_0-83_913,2014-12-27,90075.0,1
region-38_38-82_95-46_0-83_913/2014/12/27/20141227T0613.tiff,region-38_38-82_95-46_0-83_913,2014-12-27,90075.0,1
region-38_38-82_95-46_0-83_913/2014/12/28/20141228T0654.tiff,region-38_38-82_95-46_0-83_913,2014-12-28,90075.0,1
region-38_38-82_95-46_0-83_913/2014/12/28/20141228T1326.tiff,region-38_38-82_95-46_0-83_913,2014-12-28,90075.0,1
region-38_38-82_95-46_0-83_913/2014/12/29/20141229T0557.tiff,region-38_38-82_95-46_0-83_913,2014-12-29,90075.0,1
region-38_38-82_95-46_0-83_913/2014/12/29/20141229T1228.tiff,region-38_38-82_95-46_0-83_913,2014-12-29,90075.0,1
region-38_38-82_95-46_0-83_913/2014/12/30/20141230T1309.tiff,region-38_38-82_95-46_0-83_913,2014-12-30,90075.0,1
region-38_38-82_95-46_0-83_913/2016/11/14/20161114T1122.tiff,region-38_38-82_95-46_0-83_913,2016-11-14,300234062428050.0,1
region-38_38-82_95-46_0-83_913/2016/11/15/20161115T0621.tiff,region-38_38-82_95-46_0-83_913,2016-11-15,300234062428050.0,1
region-38_38-82_95-46_0-83_913/2016/11/15/20161115T1254.tiff,region-38_38-82_95-46_0-83_913,2016-11-15,300234062428050.0,1
region-38_38-82_95-46_0-83_913/2016/11/25/20161125T1310.tiff,region-38_38-82_95-46_0-83_913,2016-11-25,300234062428050.0,1
region-38_38-82_95-46_0-83_913/2016/11/26/20161126T1122.tiff,region-38_38-82_95-46_0-83_913,2016-11-26,300234062428050.0,1
region-38_38-82_95-46_0-83_913/2016/11/26/20161126T0719.tiff,region-38_38-82_95-46_0-83_913,2016-11-26,300234062428050.0,1
region-38_38-82_95-46_0-83_913/2016/11/27/20161127T0621.tiff,region-38_38-82_95-46_0-83_913,2016-11-27,300234062428050.0,1
region-38_38-82_95-46_0-83_913/2016/11/27/20161127T1254.tiff,region-38_38-82_95-46_0-83_913,2016-11-27,300234062428050.0,1
region-38_38-82_95-46_0-83_913/2016/11/28/20161128T0702.tiff,region-38_38-82_95-46_0-83_913,2016-11-28,300234062428050.0,1
region-38_38-82_95-46_0-83_913/2016/11/28/20161128T0524.tiff,region-38_38-82_95-46_0-83_913,2016-11-28,300234062428050.0,1
region-38_38-82_95-46_0-83_913/2016/11/29/20161129T1237.tiff,region-38_38-82_95-46_0-83_913,2016-11-29,300234062428050.0,1
region-38_38-82_95-46_0-83_913/2016/11/29/20161129T0605.tiff,region-38_38-82_95-46_0-83_913,2016-11-29,300234062428050.0,1
region-38_38-82_95-46_0-83_913/2016/12/04/20161204T0613.tiff,region-38_38-82_95-46_0-83_913,2016-12-04,300234062428050.0,1
region-38_38-82_95-46_0-83_913/2016/12/05/20161205T0516.tiff,region-38_38-82_95-46_0-83_913,2016-12-05,300234062428050.0,1
region-38_38-82_95-46_0-83_913/2016/12/18/20161218T0734.tiff,region-38_38-82_95-46_0-83_913,2016-12-18,300234062428050.0,1
region-38_38-82_95-46_0-83_913/2019/04/03/20190403T0718.tiff,region-38_38-82_95-46_0-83_913,2019-04-03,52959.0,1
region-38_38-82_95-46_0-83_913/2019/04/03/20190403T1212.tiff,region-38_38-82_95-46_0-83_913,2019-04-03,52959.0,1
region-38_38-82_95-46_0-83_913/2019/04/04/20190404T1114.tiff,region-38_38-82_95-46_0-83_913,2019-04-04,52959.0,1
region-38_38-82_95-46_0-83_913/2019/04/04/20190404T0621.tiff,region-38_38-82_95-46_0-83_913,2019-04-04,52959.0,1
region-38_38-82_95-46_0-83_913/2019/04/05/20190405T1155.tiff,region-38_38-82_95-46_0-83_913,2019-04-05,52959.0,1
region-38_38-82_95-46_0-83_913/2019/04/05/20190405T0702.tiff,region-38_38-82_95-46_0-83_913,2019-04-05,52959.0,1
region-38_38-82_95-46_0-83_913/2019/04/06/20190406T0604.tiff,region-38_38-82_95-46_0-83_913,2019-04-06,52959.0,1
region-38_38-82_95-46_0-83_913/2019/04/07/20190407T0645.tiff,region-38_38-82_95-46_0-83_913,2019-04-07,52959.0,1
region-38_38-82_95-46_0-83_913/2019/04/07/20190407T1139.tiff,region-38_38-82_95-46_0-83_913,2019-04-07,52959.0,1
region-38_38-82_95-46_0-83_913/2019/04/08/20190408T1220.tiff,region-38_38-82_95-46_0-83_913,2019-04-08,52959.0,1
region-38_38-82_95-46_0-83_913/2019/04/08/20190408T0726.tiff,region-38_38-82_95-46_0-83_913,2019-04-08,52959.0,1
region-38_38-82_95-46_0-83_913/2019/04/09/20190409T1123.tiff,region-38_38-82_95-46_0-83_913,2019-04-09,52959.0,1
region-38_38-82_95-46_0-83_913/2019/04/09/20190409T0629.tiff,region-38_38-82_95-46_0-83_913,2019-04-09,52959.0,1
region-38_38-82_95-46_0-83_913/2019/04/10/20190410T1204.tiff,region-38_38-82_95-46_0-83_913,2019-04-10,52959.0,1
region-38_38-82_95-46_0-83_913/2019/04/10/20190410T0710.tiff,region-38_38-82_95-46_0-83_913,2019-04-10,52959.0,1
region-38_38-82_95-46_0-83_913/2019/04/11/20190411T1106.tiff,region-38_38-82_95-46_0-83_913,2019-04-11,52959.0,1
region-38_38-82_95-46_0-83_913/2019/04/12/20190412T1147.tiff,region-38_38-82_95-46_0-83_913,2019-04-12,52959.0,1
region-38_38-82_95-46_0-83_913/2019/04/12/20190412T0653.tiff,region-38_38-82_95-46_0-83_913,2019-04-12,52959.0,1
region-38_38-82_95-46_0-83_913/2019/04/13/20190413T0556.tiff,region-38_38-82_95-46_0-83_913,2019-04-13,52959.0,1
region-38_38-82_95-46_0-83_913/2019/04/13/20190413T1228.tiff,region-38_38-82_95-46_0-83_913,2019-04-13,52959.0,1
region-38_38-82_95-46_0-83_913/2019/04/14/20190414T0637.tiff,region-38_38-82_95-46_0-83_913,2019-04-14,52959.0,1
region-38_38-82_95-46_0-83_913/2019/04/14/20190414T1131.tiff,region-38_38-82_95-46_0-83_913,2019-04-14,52959.0,1
region-38_38-82_95-46_0-83_913/2019/04/15/20190415T1212.tiff,region-38_38-82_95-46_0-83_913,2019-04-15,52959.0,1
region-38_38-82_95-46_0-83_913/2019/04/15/20190415T0717.tiff,region-38_38-82_95-46_0-83_913,2019-04-15,52959.0,1
region-38_38-82_95-46_0-83_913/2019/04/16/20190416T0621.tiff,region-38_38-82_95-46_0-83_913,2019-04-16,52959.0,1
region-38_38-82_95-46_0-83_913/2019/04/16/20190416T1114.tiff,region-38_38-82_95-46_0-83_913,2019-04-16,52959.0,1
region-38_38-82_95-46_0-83_913/2019/04/17/20190417T0702.tiff,region-38_38-82_95-46_0-83_913,2019-04-17,52959.0,1
region-38_38-82_95-46_0-83_913/2019/04/17/20190417T1155.tiff,region-38_38-82_95-46_0-83_913,2019-04-17,52959.0,1
region-38_38-82_95-46_0-83_913/2019/04/19/20190419T1139.tiff,region-38_38-82_95-46_0-83_913,2019-04-19,52959.0,1
region-38_38-82_95-46_0-83_913/2019/04/19/20190419T0645.tiff,region-38_38-82_95-46_0-83_913,2019-04-19,52959.0,1
region-38_38-82_95-46_0-83_913/2019/05/23/20190523T0839.tiff,region-38_38-82_95-46_0-83_913,2019-05-23,300234065802030.0,1
region-38_38-82_95-46_0-83_913/2019/05/23/20190523T1155.tiff,region-38_38-82_95-46_0-83_913,2019-05-23,300234065802030.0,1
region-38_38-82_95-46_0-83_913/2019/05/24/20190524T0742.tiff,region-38_38-82_95-46_0-83_913,2019-05-24,300234065802030.0,1
region-38_38-82_95-46_0-83_913/2019/05/25/20190525T1139.tiff,region-38_38-82_95-46_0-83_913,2019-05-25,300234065802030.0,1
region-38_38-82_95-46_0-83_913/2019/05/25/20190525T0645.tiff,region-38_38-82_95-46_0-83_913,2019-05-25,300234065802030.0,1
region-38_38-82_95-46_0-83_913/2019/05/26/20190526T1220.tiff,region-38_38-82_95-46_0-83_913,2019-05-26,300234065802030.0,1
region-38_38-82_95-46_0-83_913/2019/05/26/20190526T0726.tiff,region-38_38-82_95-46_0-83_913,2019-05-26,300234065802030.0,1
region-38_38-82_95-46_0-83_913/2019/05/27/20190527T0806.tiff,region-38_38-82_95-46_0-83_913,2019-05-27,300234065802030.0,1
region-38_38-82_95-46_0-83_913/2019/05/27/20190527T1123.tiff,region-38_38-82_95-46_0-83_913,2019-05-27,300234065802030.0,1
region-38_38-82_95-46_0-83_913/2019/05/28/20190528T1204.tiff,region-38_38-82_95-46_0-83_913,2019-05-28,300234065802030.0,1
region-38_38-82_95-46_0-83_913/2019/05/28/20190528T0710.tiff,region-38_38-82_95-46_0-83_913,2019-05-28,300234065802030.0,1
region-38_38-82_95-46_0-83_913/2019/05/29/20190529T1106.tiff,region-38_38-82_95-46_0-83_913,2019-05-29,300234065802030.0,1
region-38_38-82_95-46_0-83_913/2019/05/30/20190530T1147.tiff,region-38_38-82_95-46_0-83_913,2019-05-30,300234065802030.0,1
region-38_38-82_95-46_0-83_913/2019/05/30/20190530T0653.tiff,region-38_38-82_95-46_0-83_913,2019-05-30,300234065802030.0,1
region-38_38-82_95-46_0-83_913/2019/05/31/20190531T1228.tiff,region-38_38-82_95-46_0-83_913,2019-05-31,300234065802030.0,1
region-38_38-82_95-46_0-83_913/2020/03/19/20200319T0604.tiff,region-38_38-82_95-46_0-83_913,2020-03-19,300234065762310.0,1
region-38_38-82_95-46_0-83_913/2020/03/20/20200320T0645.tiff,region-38_38-82_95-46_0-83_913,2020-03-20,300234065762310.0,1
region-38_38-82_95-46_0-83_913/2020/03/20/20200320T1139.tiff,region-38_38-82_95-46_0-83_913,2020-03-20,300234065762310.0,1
region-38_38-82_95-46_0-83_913/2020/06/25/20200625T1220.tiff,region-38_38-82_95-46_0-83_913,2020-06-25,300234068312200.0,1
region-38_38-82_95-46_0-83_913/2020/06/25/20200625T0726.tiff,region-38_38-82_95-46_0-83_913,2020-06-25,300234068312200.0,1
region-38_38-82_95-46_0-83_913/2021/11/25/20211125T0710.tiff,region-38_38-82_95-46_0-83_913,2021-11-25,300534061341560.0,1
region-38_38-82_95-46_0-83_913/2021/11/25/20211125T1204.tiff,region-38_38-82_95-46_0-83_913,2021-11-25,300534061341560.0,1
region-38_38-82_95-46_0-83_913/2021/11/26/20211126T1107.tiff,region-38_38-82_95-46_0-83_913,2021-11-26,300534061341560.0,1
region-38_38-82_95-46_0-83_913/2021/11/27/20211127T0654.tiff,region-38_38-82_95-46_0-83_913,2021-11-27,300534061341560.0,1
region-38_38-82_95-46_0-83_913/2021/11/27/20211127T1148.tiff,region-38_38-82_95-46_0-83_913,2021-11-27,300534061341560.0,1
region-38_65-82_33-45_61-83_293/2014/10/05/20141005T0516.tiff,region-38_65-82_33-45_61-83_293,2014-10-05,300234061369400.0,1
region-38_65-82_33-45_61-83_293/2014/11/26/20141126T0621.tiff,region-38_65-82_33-45_61-83_293,2014-11-26,300234061369400.0,1
region-38_65-82_33-45_61-83_293/2014/11/27/20141127T0702.tiff,region-38_65-82_33-45_61-83_293,2014-11-27,300234061369400.0,1
region-38_65-82_33-45_61-83_293/2014/11/27/20141127T1334.tiff,region-38_65-82_33-45_61-83_293,2014-11-27,300234061369400.0,1
region-38_65-82_33-45_61-83_293/2014/11/28/20141128T0604.tiff,region-38_65-82_33-45_61-83_293,2014-11-28,300234061369400.0,1
region-38_65-82_33-45_61-83_293/2014/11/29/20141129T0646.tiff,region-38_65-82_33-45_61-83_293,2014-11-29,300234061369400.0,1
region-38_65-82_33-45_61-83_293/2014/11/29/20141129T1318.tiff,region-38_65-82_33-45_61-83_293,2014-11-29,300234061369400.0,1
region-38_65-82_33-45_61-83_293/2014/11/30/20141130T1359.tiff,region-38_65-82_33-45_61-83_293,2014-11-30,300234061369400.0,1
region-38_65-82_33-45_61-83_293/2014/11/30/20141130T0548.tiff,region-38_65-82_33-45_61-83_293,2014-11-30,300234061369400.0,1
region-38_65-82_33-45_61-83_293/2014/12/01/20141201T0629.tiff,region-38_65-82_33-45_61-83_293,2014-12-01,300234061369400.0,1
region-38_65-82_33-45_61-83_293/2014/12/01/20141201T1301.tiff,region-38_65-82_33-45_61-83_293,2014-12-01,300234061369400.0,1
region-38_65-82_33-45_61-83_293/2016/11/11/20161111T1326.tiff,region-38_65-82_33-45_61-83_293,2016-11-11,300234062428050.0,1
region-38_65-82_33-45_61-83_293/2016/11/12/20161112T0557.tiff,region-38_65-82_33-45_61-83_293,2016-11-12,300234062428050.0,1
region-38_65-82_33-45_61-83_293/2016/11/13/20161113T1310.tiff,region-38_65-82_33-45_61-83_293,2016-11-13,300234062428050.0,1
region-38_65-82_33-45_61-83_293/2016/11/13/20161113T0638.tiff,region-38_65-82_33-45_61-83_293,2016-11-13,300234062428050.0,1
region-38_65-82_33-45_61-83_293/2016/12/07/20161207T1309.tiff,region-38_65-82_33-45_61-83_293,2016-12-07,300234062428050.0,1
region-38_65-82_33-45_61-83_293/2016/12/07/20161207T0638.tiff,region-38_65-82_33-45_61-83_293,2016-12-07,300234062428050.0,1
region-38_65-82_33-45_61-83_293/2016/12/08/20161208T0540.tiff,region-38_65-82_33-45_61-83_293,2016-12-08,300234062428050.0,1
region-38_65-82_33-45_61-83_293/2016/12/14/20161214T1350.tiff,region-38_65-82_33-45_61-83_293,2016-12-14,300234062428050.0,1
region-38_65-82_33-45_61-83_293/2016/12/14/20161214T0630.tiff,region-38_65-82_33-45_61-83_293,2016-12-14,300234062428050.0,1
region-38_65-82_33-45_61-83_293/2016/12/15/20161215T1342.tiff,region-38_65-82_33-45_61-83_293,2016-12-15,300234062428050.0,1
region-38_65-82_33-45_61-83_293/2016/12/15/20161215T0532.tiff,region-38_65-82_33-45_61-83_293,2016-12-15,300234062428050.0,1
region-38_65-82_33-45_61-83_293/2016/12/16/20161216T0613.tiff,region-38_65-82_33-45_61-83_293,2016-12-16,300234062428050.0,1
region-38_65-82_33-45_61-83_293/2019/04/21/20190421T0629.tiff,region-38_65-82_33-45_61-83_293,2019-04-21,52985.0,1
region-38_65-82_33-45_61-83_293/2019/04/22/20190422T1204.tiff,region-38_65-82_33-45_61-83_293,2019-04-22,52985.0,1
region-38_65-82_33-45_61-83_293/2019/04/22/20190422T0710.tiff,region-38_65-82_33-45_61-83_293,2019-04-22,52985.0,1
region-38_65-82_33-45_61-83_293/2019/04/24/20190424T0653.tiff,region-38_65-82_33-45_61-83_293,2019-04-24,52985.0,1
region-38_65-82_33-45_61-83_293/2019/04/24/20190424T1147.tiff,region-38_65-82_33-45_61-83_293,2019-04-24,52985.0,1
region-38_65-82_33-45_61-83_293/2019/06/24/20190624T1228.tiff,region-38_65-82_33-45_61-83_293,2019-06-24,300234065801030.0,1
region-38_65-82_33-45_61-83_293/2019/06/25/20190625T0637.tiff,region-38_65-82_33-45_61-83_293,2019-06-25,300234065801030.0,1
region-38_65-82_33-45_61-83_293/2019/06/26/20190626T1212.tiff,region-38_65-82_33-45_61-83_293,2019-06-26,300234065801030.0,1
region-38_65-82_33-45_61-83_293/2019/06/26/20190626T0717.tiff,region-38_65-82_33-45_61-83_293,2019-06-26,300234065801030.0,1
region-38_65-82_33-45_61-83_293/2019/06/27/20190627T0621.tiff,region-38_65-82_33-45_61-83_293,2019-06-27,300234065801030.0,1
region-38_65-82_33-45_61-83_293/2019/06/28/20190628T1156.tiff,region-38_65-82_33-45_61-83_293,2019-06-28,300234065801030.0,1
region-38_65-82_33-45_61-83_293/2019/06/30/20190630T0645.tiff,region-38_65-82_33-45_61-83_293,2019-06-30,300234065801030.0,1
region-38_65-82_33-45_61-83_293/2019/06/30/20190630T1139.tiff,region-38_65-82_33-45_61-83_293,2019-06-30,300234065801030.0,1
region-38_65-82_33-45_61-83_293/2019/07/01/20190701T0548.tiff,region-38_65-82_33-45_61-83_293,2019-07-01,300234065801030.0,1
region-38_65-82_33-45_61-83_293/2019/07/01/20190701T1220.tiff,region-38_65-82_33-45_61-83_293,2019-07-01,300234065801030.0,1
region-38_65-82_33-45_61-83_293/2019/07/24/20190724T1139.tiff,region-38_65-82_33-45_61-83_293,2019-07-24,300234065801030.0,1
region-38_65-82_33-45_61-83_293/2019/07/24/20190724T0645.tiff,region-38_65-82_33-45_61-83_293,2019-07-24,300234065801030.0,1
region-38_65-82_33-45_61-83_293/2019/07/25/20190725T0548.tiff,region-38_65-82_33-45_61-83_293,2019-07-25,300234065801030.0,1
region-38_65-82_33-45_61-83_293/2019/07/25/20190725T1220.tiff,region-38_65-82_33-45_61-83_293,2019-07-25,300234065801030.0,1
region-38_65-82_33-45_61-83_293/2019/07/26/20190726T0629.tiff,region-38_65-82_33-45_61-83_293,2019-07-26,300234065801030.0,1
region-38_65-82_33-45_61-83_293/2019/07/27/20190727T1204.tiff,region-38_65-82_33-45_61-83_293,2019-07-27,300234065801030.0,1
region-38_65-82_33-45_61-83_293/2019/07/27/20190727T0710.tiff,region-38_65-82_33-45_61-83_293,2019-07-27,300234065801030.0,1
region-38_65-82_33-45_61-83_293/2019/07/30/20190730T1228.tiff,region-38_65-82_33-45_61-83_293,2019-07-30,300234065801030.0,1
region-38_65-82_33-45_61-83_293/2019/07/31/20190731T0637.tiff,region-38_65-82_33-45_61-83_293,2019-07-31,300234065801030.0,1
region-38_65-82_33-45_61-83_293/2020/03/20/20200320T0645.tiff,region-38_65-82_33-45_61-83_293,2020-03-20,300234065762310.0,1
region-38_65-82_33-45_61-83_293/2020/03/20/20200320T1139.tiff,region-38_65-82_33-45_61-83_293,2020-03-20,300234065762310.0,1
