tiff_path,region,buoy_date_time,buoy_id,buoy_type,buoy_lat,buoy_lon,time_diff_seconds
region-27_0-82_951-35_52-83_8/2014/12/11/20141211T1318.tiff,region-27_0-82_951-35_52-83_8,2014-12-11 13:00:28,300234061369400.0,IceBall,83.249,35.039,1052.0
region-27_0-82_951-35_52-83_8/2014/12/11/20141211T0646.tiff,region-27_0-82_951-35_52-83_8,2014-12-11 07:00:28,300234061369400.0,IceBall,83.2578,35.1808,868.0
region-27_0-82_951-35_52-83_8/2014/12/12/20141212T0727.tiff,region-27_0-82_951-35_52-83_8,2014-12-12 07:00:28,300234061369400.0,IceBall,83.2234,34.0046,1592.0
region-27_0-82_951-35_52-83_8/2014/12/12/20141212T1359.tiff,region-27_0-82_951-35_52-83_8,2014-12-12 13:59:31,300234061369400.0,IceBall,83.218,33.483,31.0
region-27_0-82_951-35_52-83_8/2014/12/13/20141213T1301.tiff,region-27_0-82_951-35_52-83_8,2014-12-13 13:00:28,300234061369400.0,IceBall,83.2428,32.4654,32.0
region-27_0-82_951-35_52-83_8/2014/12/13/20141213T0807.tiff,region-27_0-82_951-35_52-83_8,2014-12-13 07:59:31,300234061369400.0,IceBall,83.2328,32.5458,449.0
region-27_0-82_951-35_52-83_8/2014/12/14/20141214T1342.tiff,region-27_0-82_951-35_52-83_8,2014-12-14 13:59:31,300234061369400.0,IceBall,83.2818,32.002,1051.0
region-27_0-82_951-35_52-83_8/2014/12/14/20141214T0711.tiff,region-27_0-82_951-35_52-83_8,2014-12-14 07:00:28,300234061369400.0,IceBall,83.2814,32.1202,632.0
region-27_0-82_951-35_52-83_8/2014/12/15/20141215T1246.tiff,region-27_0-82_951-35_52-83_8,2014-12-15 13:00:28,300234061369400.0,IceBall,83.2756,31.6058,868.0
region-27_0-82_951-35_52-83_8/2014/12/15/20141215T0751.tiff,region-27_0-82_951-35_52-83_8,2014-12-15 07:59:31,300234061369400.0,IceBall,83.2756,31.8094,511.0
region-27_0-82_951-35_52-83_8/2014/12/16/20141216T0654.tiff,region-27_0-82_951-35_52-83_8,2014-12-16 07:00:28,300234061369400.0,IceBall,83.283,31.0006,388.0
region-27_0-82_951-35_52-83_8/2014/12/16/20141216T1326.tiff,region-27_0-82_951-35_52-83_8,2014-12-16 13:00:28,300234061369400.0,IceBall,83.2742,30.7036,1532.0
region-27_0-82_951-35_52-83_8/2014/12/17/20141217T1407.tiff,region-27_0-82_951-35_52-83_8,2014-12-17 13:59:31,300234061369400.0,IceBall,83.2586,29.374,449.0
region-27_0-82_951-35_52-83_8/2014/12/17/20141217T0735.tiff,region-27_0-82_951-35_52-83_8,2014-12-17 07:59:31,300234061369400.0,IceBall,83.269,29.569,1471.0
region-27_0-82_951-35_52-83_8/2014/12/18/20141218T0637.tiff,region-27_0-82_951-35_52-83_8,2014-12-18 07:00:28,300234061369400.0,IceBall,83.247,28.7868,1408.0
region-27_0-82_951-35_52-83_8/2014/12/18/20141218T1309.tiff,region-27_0-82_951-35_52-83_8,2014-12-18 13:00:28,300234061369400.0,IceBall,83.2386,28.604,512.0
region-27_0-82_951-35_52-83_8/2014/12/19/20141219T1350.tiff,region-27_0-82_951-35_52-83_8,2014-12-19 13:59:31,300234061369400.0,IceBall,83.2094,27.908,571.0
region-27_0-82_951-35_52-83_8/2014/12/19/20141219T0719.tiff,region-27_0-82_951-35_52-83_8,2014-12-19 07:00:28,300234061369400.0,IceBall,83.2146,28.206,1112.0
region-27_0-82_951-35_52-83_8/2014/12/22/20141222T0743.tiff,region-27_0-82_951-35_52-83_8,2014-12-22 07:59:31,300234061369400.0,IceBall,82.9996,27.0266,991.0
region-27_0-82_951-35_52-83_8/2014/12/24/20141224T0727.tiff,region-27_0-82_951-35_52-83_8,2014-12-24 07:01:55,90074.0,ITP,83.7716,31.5644,1505.0
region-27_0-82_951-35_52-83_8/2014/12/24/20141224T0727.tiff,region-27_0-82_951-35_52-83_8,2014-12-24 07:00:28,300234011247800.0,UPTEMPO,83.7708,31.554,1592.0
region-27_0-82_951-35_52-83_8/2014/12/24/20141224T1359.tiff,region-27_0-82_951-35_52-83_8,2014-12-24 14:02:24,90074.0,ITP,83.758,31.3384,204.0
region-27_0-82_951-35_52-83_8/2014/12/24/20141224T1359.tiff,region-27_0-82_951-35_52-83_8,2014-12-24 13:59:31,300234011247800.0,UPTEMPO,83.7494,31.3412,31.0
region-27_0-82_951-35_52-83_8/2014/12/25/20141225T1301.tiff,region-27_0-82_951-35_52-83_8,2014-12-25 13:00:28,300234011247800.0,UPTEMPO,83.6584,31.1478,32.0
region-27_0-82_951-35_52-83_8/2014/12/25/20141225T0808.tiff,region-27_0-82_951-35_52-83_8,2014-12-25 07:01:55,90074.0,ITP,83.6856,31.17,3965.0
region-27_0-82_951-35_52-83_8/2014/12/25/20141225T0808.tiff,region-27_0-82_951-35_52-83_8,2014-12-25 07:59:31,300234011247800.0,UPTEMPO,83.6802,31.1714,509.0
region-27_0-82_951-35_52-83_8/2014/12/26/20141226T1342.tiff,region-27_0-82_951-35_52-83_8,2014-12-26 14:02:24,90074.0,ITP,83.5497,31.1546,1224.0
region-27_0-82_951-35_52-83_8/2014/12/26/20141226T1342.tiff,region-27_0-82_951-35_52-83_8,2014-12-26 13:59:31,300234011247800.0,UPTEMPO,83.5486,31.1566,1051.0
region-27_0-82_951-35_52-83_8/2014/12/26/20141226T0711.tiff,region-27_0-82_951-35_52-83_8,2014-12-26 06:01:26,90074.0,ITP,83.5833,31.1483,4174.0
region-27_0-82_951-35_52-83_8/2014/12/26/20141226T0711.tiff,region-27_0-82_951-35_52-83_8,2014-12-26 07:00:28,300234011247800.0,UPTEMPO,83.5774,31.157,632.0
region-27_0-82_951-35_52-83_8/2014/12/27/20141227T1246.tiff,region-27_0-82_951-35_52-83_8,2014-12-27 13:01:55,90074.0,ITP,83.4468,31.3226,955.0
region-27_0-82_951-35_52-83_8/2014/12/27/20141227T1246.tiff,region-27_0-82_951-35_52-83_8,2014-12-27 13:00:28,300234011247800.0,UPTEMPO,83.4456,31.325,868.0
region-27_0-82_951-35_52-83_8/2014/12/27/20141227T0751.tiff,region-27_0-82_951-35_52-83_8,2014-12-27 07:01:55,90074.0,ITP,83.4726,31.2801,2945.0
region-27_0-82_951-35_52-83_8/2014/12/27/20141227T0751.tiff,region-27_0-82_951-35_52-83_8,2014-12-27 07:59:31,300234011247800.0,UPTEMPO,83.4672,31.2958,511.0
region-27_0-82_951-35_52-83_8/2014/12/28/20141228T0654.tiff,region-27_0-82_951-35_52-83_8,2014-12-28 07:01:55,90074.0,ITP,83.4149,31.433,475.0
region-27_0-82_951-35_52-83_8/2014/12/28/20141228T0654.tiff,region-27_0-82_951-35_52-83_8,2014-12-28 07:00:28,300234011247800.0,UPTEMPO,83.4142,31.4366,388.0
region-27_0-82_951-35_52-83_8/2014/12/28/20141228T1326.tiff,region-27_0-82_951-35_52-83_8,2014-12-28 13:01:55,90074.0,ITP,83.415,31.4289,1445.0
region-27_0-82_951-35_52-83_8/2014/12/28/20141228T1326.tiff,region-27_0-82_951-35_52-83_8,2014-12-28 13:00:28,300234011247800.0,UPTEMPO,83.4142,31.4328,1532.0
region-27_0-82_951-35_52-83_8/2014/12/29/20141229T1228.tiff,region-27_0-82_951-35_52-83_8,2014-12-29 12:01:26,90074.0,ITP,83.4496,31.1397,1594.0
region-27_0-82_951-35_52-83_8/2014/12/29/20141229T1228.tiff,region-27_0-82_951-35_52-83_8,2014-12-29 12:00:00,300234011247800.0,UPTEMPO,83.449,31.1432,1680.0
region-27_0-82_951-35_52-83_8/2014/12/29/20141229T0735.tiff,region-27_0-82_951-35_52-83_8,2014-12-29 09:01:26,90074.0,ITP,83.4446,31.2214,5186.0
region-27_0-82_951-35_52-83_8/2014/12/29/20141229T0735.tiff,region-27_0-82_951-35_52-83_8,2014-12-29 07:59:31,300234011247800.0,UPTEMPO,83.4424,31.2446,1471.0
region-27_0-82_951-35_52-83_8/2014/12/30/20141230T1309.tiff,region-27_0-82_951-35_52-83_8,2014-12-30 13:01:55,90074.0,ITP,83.4955,30.1525,425.0
region-27_0-82_951-35_52-83_8/2014/12/30/20141230T1309.tiff,region-27_0-82_951-35_52-83_8,2014-12-30 13:00:28,300234011247800.0,UPTEMPO,83.495,30.1564,512.0
region-27_0-82_951-35_52-83_8/2014/12/31/20141231T1350.tiff,region-27_0-82_951-35_52-83_8,2014-12-31 13:59:31,300234011247800.0,UPTEMPO,83.4822,28.4444,571.0
region-27_0-82_951-35_52-83_8/2014/12/31/20141231T0719.tiff,region-27_0-82_951-35_52-83_8,2014-12-31 07:00:28,300234011247800.0,UPTEMPO,83.5016,28.8286,1112.0
region-27_0-82_951-35_52-83_8/2015/01/01/20150101T1431.tiff,region-27_0-82_951-35_52-83_8,2015-01-01 14:02:24,90074.0,ITP,83.5049,27.3241,1716.0
region-27_0-82_951-35_52-83_8/2015/01/01/20150101T1431.tiff,region-27_0-82_951-35_52-83_8,2015-01-01 15:00:00,300234011247800.0,UPTEMPO,83.506,27.265,1740.0
region-27_0-82_951-35_52-83_8/2015/01/01/20150101T0759.tiff,region-27_0-82_951-35_52-83_8,2015-01-01 07:01:55,90074.0,ITP,83.4983,27.728,3425.0
region-27_0-82_951-35_52-83_8/2015/01/01/20150101T0759.tiff,region-27_0-82_951-35_52-83_8,2015-01-01 07:59:31,300234011247800.0,UPTEMPO,83.4988,27.6812,31.0
region-27_0-82_951-35_52-83_8/2015/02/03/20150203T1407.tiff,region-27_0-82_951-35_52-83_8,2015-02-03 13:59:31,90075.0,ITP,83.4813,34.5553,449.0
region-27_0-82_951-35_52-83_8/2015/02/03/20150203T0735.tiff,region-27_0-82_951-35_52-83_8,2015-02-03 07:59:31,90075.0,ITP,83.4408,34.4318,1471.0
region-27_0-82_951-35_52-83_8/2015/02/04/20150204T0637.tiff,region-27_0-82_951-35_52-83_8,2015-02-04 07:00:28,90075.0,ITP,83.6534,35.4976,1408.0
region-27_0-82_951-35_52-83_8/2015/02/18/20150218T1431.tiff,region-27_0-82_951-35_52-83_8,2015-02-18 15:00:00,90075.0,ITP,83.698,34.516,1740.0
region-27_0-82_951-35_52-83_8/2015/02/18/20150218T0759.tiff,region-27_0-82_951-35_52-83_8,2015-02-18 08:00:57,90075.0,ITP,83.7462,34.6261,117.0
region-27_0-82_951-35_52-83_8/2015/02/19/20150219T0840.tiff,region-27_0-82_951-35_52-83_8,2015-02-19 09:00:00,90075.0,ITP,83.5667,34.6461,1200.0
region-27_0-82_951-35_52-83_8/2015/02/21/20150221T1318.tiff,region-27_0-82_951-35_52-83_8,2015-02-21 13:00:28,90075.0,ITP,83.3734,34.4046,1052.0
region-27_0-82_951-35_52-83_8/2015/02/21/20150221T0824.tiff,region-27_0-82_951-35_52-83_8,2015-02-21 07:59:31,90075.0,ITP,83.3794,34.5159,1469.0
region-27_0-82_951-35_52-83_8/2015/02/22/20150222T1359.tiff,region-27_0-82_951-35_52-83_8,2015-02-22 14:00:57,90075.0,ITP,83.3517,34.1156,117.0
region-27_0-82_951-35_52-83_8/2015/02/22/20150222T0727.tiff,region-27_0-82_951-35_52-83_8,2015-02-22 07:00:28,90075.0,ITP,83.357,34.2262,1592.0
region-27_0-82_951-35_52-83_8/2015/02/23/20150223T1301.tiff,region-27_0-82_951-35_52-83_8,2015-02-23 13:00:28,90075.0,ITP,83.2996,34.4187,32.0
region-27_0-82_951-35_52-83_8/2015/02/23/20150223T0807.tiff,region-27_0-82_951-35_52-83_8,2015-02-23 07:59:31,90075.0,ITP,83.2931,34.3158,449.0
region-27_0-82_951-35_52-83_8/2015/02/24/20150224T0710.tiff,region-27_0-82_951-35_52-83_8,2015-02-24 07:00:28,90075.0,ITP,83.3005,34.4413,572.0
region-27_0-82_951-35_52-83_8/2015/02/24/20150224T1342.tiff,region-27_0-82_951-35_52-83_8,2015-02-24 14:00:57,90075.0,ITP,83.2872,34.3255,1137.0
region-27_0-82_951-35_52-83_8/2015/02/25/20150225T0751.tiff,region-27_0-82_951-35_52-83_8,2015-02-25 08:00:57,90075.0,ITP,83.278,34.1358,597.0
region-27_0-82_951-35_52-83_8/2015/02/25/20150225T1246.tiff,region-27_0-82_951-35_52-83_8,2015-02-25 13:00:28,90075.0,ITP,83.2769,34.0112,868.0
region-27_0-82_951-35_52-83_8/2015/02/26/20150226T1326.tiff,region-27_0-82_951-35_52-83_8,2015-02-26 13:00:28,90075.0,ITP,83.2884,33.3447,1532.0
region-27_0-82_951-35_52-83_8/2015/02/26/20150226T0832.tiff,region-27_0-82_951-35_52-83_8,2015-02-26 09:00:00,90075.0,ITP,83.2854,33.4374,1680.0
region-27_0-82_951-35_52-83_8/2015/02/27/20150227T0735.tiff,region-27_0-82_951-35_52-83_8,2015-02-27 08:00:57,90075.0,ITP,83.2685,33.1923,1557.0
region-27_0-82_951-35_52-83_8/2015/02/27/20150227T1407.tiff,region-27_0-82_951-35_52-83_8,2015-02-27 13:59:31,90075.0,ITP,83.2594,33.2665,449.0
region-27_0-82_951-35_52-83_8/2015/02/28/20150228T0637.tiff,region-27_0-82_951-35_52-83_8,2015-02-28 07:00:28,90075.0,ITP,83.2488,33.3201,1408.0
region-27_0-82_951-35_52-83_8/2015/02/28/20150228T1309.tiff,region-27_0-82_951-35_52-83_8,2015-02-28 13:01:55,90075.0,ITP,83.2531,33.3321,425.0
region-27_0-82_951-35_52-83_8/2015/03/01/20150301T0719.tiff,region-27_0-82_951-35_52-83_8,2015-03-01 07:00:28,90075.0,ITP,83.259,33.3421,1112.0
region-27_0-82_951-35_52-83_8/2015/03/01/20150301T1350.tiff,region-27_0-82_951-35_52-83_8,2015-03-01 14:00:57,90075.0,ITP,83.2616,33.2993,657.0
region-27_0-82_951-35_52-83_8/2015/03/02/20150302T0759.tiff,region-27_0-82_951-35_52-83_8,2015-03-02 07:59:31,90075.0,ITP,83.2717,32.963,31.0
region-27_0-82_951-35_52-83_8/2015/03/02/20150302T1431.tiff,region-27_0-82_951-35_52-83_8,2015-03-02 15:00:00,90075.0,ITP,83.2796,32.8441,1740.0
region-27_0-82_951-35_52-83_8/2015/03/03/20150303T0702.tiff,region-27_0-82_951-35_52-83_8,2015-03-03 07:00:28,90075.0,ITP,83.3388,32.1808,92.0
region-27_0-82_951-35_52-83_8/2015/03/03/20150303T1334.tiff,region-27_0-82_951-35_52-83_8,2015-03-03 14:00:57,90075.0,ITP,83.3913,31.732,1617.0
region-27_0-82_951-35_52-83_8/2015/03/04/20150304T0743.tiff,region-27_0-82_951-35_52-83_8,2015-03-04 07:59:31,90075.0,ITP,83.5044,31.2232,991.0
region-27_0-82_951-35_52-83_8/2015/03/04/20150304T1415.tiff,region-27_0-82_951-35_52-83_8,2015-03-04 13:59:31,90075.0,ITP,83.5122,31.3709,929.0
region-27_0-82_951-35_52-83_8/2015/03/05/20150305T0824.tiff,region-27_0-82_951-35_52-83_8,2015-03-05 07:59:31,90075.0,ITP,83.5036,31.3285,1469.0
region-27_0-82_951-35_52-83_8/2015/03/05/20150305T1318.tiff,region-27_0-82_951-35_52-83_8,2015-03-05 13:00:28,90075.0,ITP,83.5071,31.3184,1052.0
region-27_0-82_951-35_52-83_8/2015/03/06/20150306T1359.tiff,region-27_0-82_951-35_52-83_8,2015-03-06 13:59:31,90075.0,ITP,83.4952,31.6029,31.0
region-27_0-82_951-35_52-83_8/2015/03/06/20150306T0727.tiff,region-27_0-82_951-35_52-83_8,2015-03-06 07:00:28,90075.0,ITP,83.4975,31.5453,1592.0
region-27_0-82_951-35_52-83_8/2015/03/07/20150307T0808.tiff,region-27_0-82_951-35_52-83_8,2015-03-07 07:59:31,90075.0,ITP,83.5233,31.2658,509.0
region-27_0-82_951-35_52-83_8/2015/03/07/20150307T1301.tiff,region-27_0-82_951-35_52-83_8,2015-03-07 13:00:28,90075.0,ITP,83.5378,31.0599,32.0
region-27_0-82_951-35_52-83_8/2015/03/08/20150308T1342.tiff,region-27_0-82_951-35_52-83_8,2015-03-08 13:59:31,90075.0,ITP,83.5875,30.3321,1051.0
region-27_0-82_951-35_52-83_8/2015/03/08/20150308T0711.tiff,region-27_0-82_951-35_52-83_8,2015-03-08 07:00:28,90075.0,ITP,83.5746,30.7202,632.0
region-27_0-82_951-35_52-83_8/2015/03/09/20150309T1423.tiff,region-27_0-82_951-35_52-83_8,2015-03-09 13:59:31,90075.0,ITP,83.6095,29.1942,1409.0
region-27_0-82_951-35_52-83_8/2015/03/09/20150309T0751.tiff,region-27_0-82_951-35_52-83_8,2015-03-09 07:59:31,90075.0,ITP,83.6109,29.4551,511.0
region-27_0-82_951-35_52-83_8/2015/03/10/20150310T1326.tiff,region-27_0-82_951-35_52-83_8,2015-03-10 13:00:28,90075.0,ITP,83.5941,28.2737,1532.0
region-27_0-82_951-35_52-83_8/2015/03/10/20150310T0832.tiff,region-27_0-82_951-35_52-83_8,2015-03-10 09:00:00,90075.0,ITP,83.5995,28.4415,1680.0
region-27_0-82_951-35_52-83_8/2015/03/11/20150311T0735.tiff,region-27_0-82_951-35_52-83_8,2015-03-11 08:00:57,90075.0,ITP,83.5445,27.726,1557.0
region-27_0-82_951-35_52-83_8/2015/03/11/20150311T1407.tiff,region-27_0-82_951-35_52-83_8,2015-03-11 13:59:31,90075.0,ITP,83.5193,27.6787,449.0
region-27_0-82_951-35_52-83_8/2015/03/12/20150312T0637.tiff,region-27_0-82_951-35_52-83_8,2015-03-12 07:00:28,90075.0,ITP,83.4556,27.6466,1408.0
region-27_0-82_951-35_52-83_8/2015/03/12/20150312T1309.tiff,region-27_0-82_951-35_52-83_8,2015-03-12 13:00:28,90075.0,ITP,83.4416,27.624,512.0
region-27_0-82_951-35_52-83_8/2015/03/13/20150313T0719.tiff,region-27_0-82_951-35_52-83_8,2015-03-13 07:00:28,90075.0,ITP,83.4027,27.4477,1112.0
region-27_0-82_951-35_52-83_8/2015/03/13/20150313T1350.tiff,region-27_0-82_951-35_52-83_8,2015-03-13 13:59:31,90075.0,ITP,83.3893,27.3991,571.0
region-27_0-82_951-35_52-83_8/2015/03/14/20150314T0759.tiff,region-27_0-82_951-35_52-83_8,2015-03-14 08:00:57,90075.0,ITP,83.3618,27.2319,117.0
region-27_0-82_951-35_52-83_8/2015/03/14/20150314T1431.tiff,region-27_0-82_951-35_52-83_8,2015-03-14 15:00:00,90075.0,ITP,83.3538,27.2183,1740.0
region-27_0-82_951-35_52-83_8/2015/03/15/20150315T0702.tiff,region-27_0-82_951-35_52-83_8,2015-03-15 07:00:28,90075.0,ITP,83.4059,27.0409,92.0
region-27_0-82_951-35_52-83_8/2015/03/15/20150315T1334.tiff,region-27_0-82_951-35_52-83_8,2015-03-15 14:00:57,90075.0,ITP,83.4499,27.394,1617.0
region-27_0-82_951-35_52-83_8/2015/03/16/20150316T0605.tiff,region-27_0-82_951-35_52-83_8,2015-03-16 06:00:00,90075.0,ITP,83.4329,28.2449,300.0
region-27_0-82_951-35_52-83_8/2015/03/17/20150317T0824.tiff,region-27_0-82_951-35_52-83_8,2015-03-17 08:00:57,90075.0,ITP,83.2905,27.9409,1383.0
region-27_0-82_951-35_52-83_8/2015/03/17/20150317T1318.tiff,region-27_0-82_951-35_52-83_8,2015-03-17 13:00:28,90075.0,ITP,83.2791,27.938,1052.0
region-27_0-82_951-35_52-83_8/2015/03/18/20150318T1359.tiff,region-27_0-82_951-35_52-83_8,2015-03-18 13:59:31,90075.0,ITP,83.2081,27.7865,31.0
region-27_0-82_951-35_52-83_8/2015/03/18/20150318T0727.tiff,region-27_0-82_951-35_52-83_8,2015-03-18 07:00:28,90075.0,ITP,83.232,27.8072,1592.0
region-27_0-82_951-35_52-83_8/2015/03/21/20150321T1245.tiff,region-27_0-82_951-35_52-83_8,2015-03-21 13:00:28,90075.0,ITP,82.9954,27.1469,928.0
region-27_0-82_951-35_52-83_8/2015/04/25/20150425T0711.tiff,region-27_0-82_951-35_52-83_8,2015-04-25 09:00:00,300234060176700.0,SVP-B,83.7884,30.354,6540.0
region-27_0-82_951-35_52-83_8/2015/04/25/20150425T1342.tiff,region-27_0-82_951-35_52-83_8,2015-04-25 13:59:31,300234060176700.0,SVP-B,83.7684,30.2944,1051.0
region-27_0-82_951-35_52-83_8/2015/04/26/20150426T0751.tiff,region-27_0-82_951-35_52-83_8,2015-04-26 07:59:31,300234060176700.0,SVP-B,83.6298,30.1736,511.0
region-27_0-82_951-35_52-83_8/2015/04/26/20150426T1423.tiff,region-27_0-82_951-35_52-83_8,2015-04-26 13:59:31,300234060176700.0,SVP-B,83.5816,29.9426,1409.0
region-27_0-82_951-35_52-83_8/2015/04/27/20150427T1326.tiff,region-27_0-82_951-35_52-83_8,2015-04-27 13:00:28,300234060176700.0,SVP-B,83.451,28.7384,1532.0
region-27_0-82_951-35_52-83_8/2015/04/27/20150427T0832.tiff,region-27_0-82_951-35_52-83_8,2015-04-27 09:00:00,300234060176700.0,SVP-B,83.464,28.8702,1680.0
region-27_0-82_951-35_52-83_8/2015/04/28/20150428T0735.tiff,region-27_0-82_951-35_52-83_8,2015-04-28 07:59:31,300234060176700.0,SVP-B,83.3826,28.1192,1471.0
region-27_0-82_951-35_52-83_8/2015/04/28/20150428T1228.tiff,region-27_0-82_951-35_52-83_8,2015-04-28 12:00:00,300234060176700.0,SVP-B,83.3622,27.959,1680.0
region-27_0-82_951-35_52-83_8/2015/04/29/20150429T0637.tiff,region-27_0-82_951-35_52-83_8,2015-04-29 07:00:28,300234060176700.0,SVP-B,83.3004,27.64,1408.0
region-27_0-82_951-35_52-83_8/2015/04/29/20150429T1310.tiff,region-27_0-82_951-35_52-83_8,2015-04-29 13:00:28,300234060176700.0,SVP-B,83.282,27.5872,572.0
region-27_0-82_951-35_52-83_8/2015/04/30/20150430T0719.tiff,region-27_0-82_951-35_52-83_8,2015-04-30 07:00:28,300234060176700.0,SVP-B,83.2526,27.5146,1112.0
region-27_0-82_951-35_52-83_8/2015/04/30/20150430T1350.tiff,region-27_0-82_951-35_52-83_8,2015-04-30 13:59:31,300234060176700.0,SVP-B,83.2516,27.4886,571.0
region-27_0-82_951-35_52-83_8/2015/05/01/20150501T0758.tiff,region-27_0-82_951-35_52-83_8,2015-05-01 07:59:31,300234060176700.0,SVP-B,83.2454,27.3034,91.0
region-27_0-82_951-35_52-83_8/2015/05/01/20150501T1431.tiff,region-27_0-82_951-35_52-83_8,2015-05-01 15:00:00,300234060176700.0,SVP-B,83.232,27.2156,1740.0
region-27_0-82_951-35_52-83_8/2015/05/02/20150502T1334.tiff,region-27_0-82_951-35_52-83_8,2015-05-02 13:59:31,300234060176700.0,SVP-B,83.2046,27.1368,1531.0
region-27_0-82_951-35_52-83_8/2015/05/02/20150502T0702.tiff,region-27_0-82_951-35_52-83_8,2015-05-02 07:00:28,300234060176700.0,SVP-B,83.211,27.1376,92.0
region-27_0-82_951-35_52-83_8/2016/09/13/20160913T0735.tiff,region-27_0-82_951-35_52-83_8,2016-09-13 06:00:00,300234062788480.0,Snow_Buoy,83.7518,33.681,5700.0
region-27_0-82_951-35_52-83_8/2017/10/07/20171007T0832.tiff,region-27_0-82_951-35_52-83_8,2017-10-07 08:29:45,90095.0,ITP,83.5649,35.4453,135.0
region-27_0-82_951-35_52-83_8/2017/10/08/20171008T1228.tiff,region-27_0-82_951-35_52-83_8,2017-10-08 12:30:14,90095.0,ITP,83.5303,35.4323,134.0
region-27_0-82_951-35_52-83_8/2017/10/08/20171008T0735.tiff,region-27_0-82_951-35_52-83_8,2017-10-08 07:30:43,90095.0,ITP,83.5352,35.3896,257.0
region-27_0-82_951-35_52-83_8/2017/10/09/20171009T0816.tiff,region-27_0-82_951-35_52-83_8,2017-10-09 08:29:45,90095.0,ITP,83.4594,35.4724,825.0
region-27_0-82_951-35_52-83_8/2017/10/10/20171010T0718.tiff,region-27_0-82_951-35_52-83_8,2017-10-10 07:30:43,90095.0,ITP,83.456,35.2199,763.0
region-27_0-82_951-35_52-83_8/2017/10/10/20171010T1212.tiff,region-27_0-82_951-35_52-83_8,2017-10-10 12:00:00,90095.0,ITP,83.4693,35.1188,720.0
region-27_0-82_951-35_52-83_8/2017/10/11/20171011T0759.tiff,region-27_0-82_951-35_52-83_8,2017-10-11 08:00:57,90095.0,ITP,83.4902,34.4142,117.0
region-27_0-82_951-35_52-83_8/2017/10/11/20171011T0759.tiff,region-27_0-82_951-35_52-83_8,2017-10-11 07:59:31,300234062836680.0,IMB,83.50988,34.81348,31.0
region-27_0-82_951-35_52-83_8/2017/10/12/20171012T1155.tiff,region-27_0-82_951-35_52-83_8,2017-10-12 12:00:00,90095.0,ITP,83.5095,33.7236,300.0
region-27_0-82_951-35_52-83_8/2017/10/12/20171012T1155.tiff,region-27_0-82_951-35_52-83_8,2017-10-12 12:00:00,300234062836680.0,IMB,83.53289,34.10274,300.0
region-27_0-82_951-35_52-83_8/2017/10/12/20171012T0839.tiff,region-27_0-82_951-35_52-83_8,2017-10-12 08:29:45,90095.0,ITP,83.5093,33.7368,555.0
region-27_0-82_951-35_52-83_8/2017/10/12/20171012T0839.tiff,region-27_0-82_951-35_52-83_8,2017-10-12 09:00:00,300234062836680.0,IMB,83.5326,34.12597,1260.0
region-27_0-82_951-35_52-83_8/2017/10/13/20171013T0743.tiff,region-27_0-82_951-35_52-83_8,2017-10-13 07:30:43,90095.0,ITP,83.5433,33.265,737.0
region-27_0-82_951-35_52-83_8/2017/10/13/20171013T0743.tiff,region-27_0-82_951-35_52-83_8,2017-10-13 07:59:31,300234062836680.0,IMB,83.56813,33.64773,991.0
region-27_0-82_951-35_52-83_8/2017/10/14/20171014T0824.tiff,region-27_0-82_951-35_52-83_8,2017-10-14 08:29:45,90095.0,ITP,83.6718,32.861,345.0
region-27_0-82_951-35_52-83_8/2017/10/14/20171014T0824.tiff,region-27_0-82_951-35_52-83_8,2017-10-14 07:59:31,300234062836680.0,IMB,83.68879,33.25058,1469.0
region-27_0-82_951-35_52-83_8/2019/04/23/20190423T0929.tiff,region-27_0-82_951-35_52-83_8,2019-04-23 11:03:50,52980.0,SVP-B,83.7995,30.5929,5690.0
region-27_0-82_951-35_52-83_8/2019/04/24/20190424T0653.tiff,region-27_0-82_951-35_52-83_8,2019-04-24 07:03:21,52980.0,SVP-B,83.7356,30.5253,621.0
region-27_0-82_951-35_52-83_8/2019/04/25/20190425T0735.tiff,region-27_0-82_951-35_52-83_8,2019-04-25 07:04:48,52980.0,SVP-B,83.6753,30.4983,1812.0
region-27_0-82_951-35_52-83_8/2019/04/25/20190425T1228.tiff,region-27_0-82_951-35_52-83_8,2019-04-25 12:04:19,52980.0,SVP-B,83.6607,30.5064,1421.0
region-27_0-82_951-35_52-83_8/2019/04/26/20190426T0637.tiff,region-27_0-82_951-35_52-83_8,2019-04-26 07:04:48,52980.0,SVP-B,83.6029,30.2421,1668.0
region-27_0-82_951-35_52-83_8/2019/04/27/20190427T1212.tiff,region-27_0-82_951-35_52-83_8,2019-04-27 12:05:45,52980.0,SVP-B,83.5901,30.2771,375.0
region-27_0-82_951-35_52-83_8/2019/04/27/20190427T0718.tiff,region-27_0-82_951-35_52-83_8,2019-04-27 07:03:21,52980.0,SVP-B,83.5803,30.218,879.0
region-27_0-82_951-35_52-83_8/2019/04/28/20190428T0759.tiff,region-27_0-82_951-35_52-83_8,2019-04-28 08:05:16,52980.0,SVP-B,83.5425,30.0588,376.0
region-27_0-82_951-35_52-83_8/2019/04/29/20190429T0702.tiff,region-27_0-82_951-35_52-83_8,2019-04-29 07:03:21,52980.0,SVP-B,83.4712,30.2207,81.0
region-27_0-82_951-35_52-83_8/2019/04/29/20190429T1155.tiff,region-27_0-82_951-35_52-83_8,2019-04-29 12:05:45,52980.0,SVP-B,83.4422,30.2704,645.0
region-27_0-82_951-35_52-83_8/2019/05/01/20190501T0645.tiff,region-27_0-82_951-35_52-83_8,2019-05-01 07:04:48,52980.0,SVP-B,83.224,29.4192,1188.0
region-27_0-82_951-35_52-83_8/2020/04/30/20200430T0653.tiff,region-27_0-82_951-35_52-83_8,2020-04-30 07:00:02,300234068316210.0,SVP,83.788,27.9812,422.0
region-27_0-82_951-35_52-83_8/2020/05/01/20200501T1228.tiff,region-27_0-82_951-35_52-83_8,2020-05-01 12:00:00,300234068316210.0,SVP,83.7472,28.2056,1680.0
region-27_0-82_951-35_52-83_8/2020/05/01/20200501T0735.tiff,region-27_0-82_951-35_52-83_8,2020-05-01 07:59:57,300234068316210.0,SVP,83.7456,28.1928,1497.0
region-27_0-82_951-35_52-83_8/2020/05/02/20200502T0637.tiff,region-27_0-82_951-35_52-83_8,2020-05-02 07:00:02,300234068316210.0,SVP,83.746,28.1038,1382.0
region-27_0-82_951-35_52-83_8/2020/05/03/20200503T0718.tiff,region-27_0-82_951-35_52-83_8,2020-05-03 07:00:02,300234068316210.0,SVP,83.7194,28.3008,1078.0
region-27_0-82_951-35_52-83_8/2020/05/03/20200503T1212.tiff,region-27_0-82_951-35_52-83_8,2020-05-03 12:00:00,300234068316210.0,SVP,83.7162,28.4444,720.0
region-27_0-82_951-35_52-83_8/2020/05/04/20200504T0759.tiff,region-27_0-82_951-35_52-83_8,2020-05-04 07:59:57,300234068316210.0,SVP,83.7104,28.852,57.0
region-27_0-82_951-35_52-83_8/2020/05/05/20200505T1156.tiff,region-27_0-82_951-35_52-83_8,2020-05-05 12:00:00,300234068316210.0,SVP,83.7504,28.6446,240.0
region-27_0-82_951-35_52-83_8/2020/05/05/20200505T0702.tiff,region-27_0-82_951-35_52-83_8,2020-05-05 07:00:02,300234068316210.0,SVP,83.7454,28.75,118.0
region-27_0-82_951-35_52-83_8/2020/05/06/20200506T0743.tiff,region-27_0-82_951-35_52-83_8,2020-05-06 07:59:57,300234068316210.0,SVP,83.7668,28.3492,1017.0
region-27_2-82_348-35_0-83_2/2014/10/06/20141006T1407.tiff,region-27_2-82_348-35_0-83_2,2014-10-06 13:59:31,300234011246740.0,UPTEMPO,82.9134,29.3604,449.0
region-27_2-82_348-35_0-83_2/2014/10/08/20141008T1351.tiff,region-27_2-82_348-35_0-83_2,2014-10-08 13:59:31,300234011246740.0,UPTEMPO,82.679,27.6658,511.0
region-27_2-82_348-35_0-83_2/2014/10/10/20141010T1334.tiff,region-27_2-82_348-35_0-83_2,2014-10-10 13:59:31,300234011246740.0,UPTEMPO,82.6158,27.7216,1531.0
region-27_2-82_348-35_0-83_2/2014/10/11/20141011T1415.tiff,region-27_2-82_348-35_0-83_2,2014-10-11 13:59:31,300234011246740.0,UPTEMPO,82.5262,27.9898,929.0
region-27_2-82_348-35_0-83_2/2014/10/13/20141013T1359.tiff,region-27_2-82_348-35_0-83_2,2014-10-13 13:59:31,300234011246740.0,UPTEMPO,82.365,28.0828,31.0
region-27_2-82_348-35_0-83_2/2014/12/20/20141220T0759.tiff,region-27_2-82_348-35_0-83_2,2014-12-20 07:59:31,300234061369400.0,IceBall,83.1616,27.3726,31.0
region-27_2-82_348-35_0-83_2/2014/12/20/20141220T1431.tiff,region-27_2-82_348-35_0-83_2,2014-12-20 15:00:00,300234061369400.0,IceBall,83.1206,27.2978,1740.0
region-27_2-82_348-35_0-83_2/2014/12/21/20141221T1334.tiff,region-27_2-82_348-35_0-83_2,2014-12-21 13:59:31,300234061369400.0,IceBall,83.0436,27.237,1531.0
region-27_2-82_348-35_0-83_2/2014/12/21/20141221T0702.tiff,region-27_2-82_348-35_0-83_2,2014-12-21 07:00:28,300234061369400.0,IceBall,83.0628,27.2948,92.0
region-27_2-82_348-35_0-83_2/2015/03/19/20150319T1301.tiff,region-27_2-82_348-35_0-83_2,2015-03-19 13:00:28,90075.0,ITP,83.1119,27.5601,32.0
region-27_2-82_348-35_0-83_2/2015/03/19/20150319T0807.tiff,region-27_2-82_348-35_0-83_2,2015-03-19 08:00:57,90075.0,ITP,83.1407,27.6033,363.0
region-27_2-82_348-35_0-83_2/2015/03/20/20150320T0711.tiff,region-27_2-82_348-35_0-83_2,2015-03-20 07:00:28,90075.0,ITP,83.0534,27.4562,632.0
region-27_2-82_348-35_0-83_2/2015/03/20/20150320T1342.tiff,region-27_2-82_348-35_0-83_2,2015-03-20 14:00:57,90075.0,ITP,83.0358,27.4154,1137.0
region-27_2-82_348-35_0-83_2/2015/03/21/20150321T0751.tiff,region-27_2-82_348-35_0-83_2,2015-03-21 08:00:57,90075.0,ITP,83.0051,27.2281,597.0
region-27_2-82_348-35_0-83_2/2015/05/03/20150503T0743.tiff,region-27_2-82_348-35_0-83_2,2015-05-03 07:59:31,300234060176700.0,SVP-B,83.19,27.2354,991.0
region-27_2-82_348-35_0-83_2/2015/05/03/20150503T1415.tiff,region-27_2-82_348-35_0-83_2,2015-05-03 13:59:31,300234060176700.0,SVP-B,83.1876,27.2984,929.0
region-27_2-82_348-35_0-83_2/2015/05/04/20150504T1318.tiff,region-27_2-82_348-35_0-83_2,2015-05-04 13:00:28,300234060176700.0,SVP-B,83.1712,27.4526,1052.0
region-27_2-82_348-35_0-83_2/2015/05/04/20150504T0824.tiff,region-27_2-82_348-35_0-83_2,2015-05-04 07:59:31,300234060176700.0,SVP-B,83.1728,27.4542,1469.0
region-27_2-82_348-35_0-83_2/2015/05/05/20150505T1359.tiff,region-27_2-82_348-35_0-83_2,2015-05-05 13:59:31,300234060176700.0,SVP-B,83.1442,27.5574,31.0
region-27_2-82_348-35_0-83_2/2015/05/05/20150505T0727.tiff,region-27_2-82_348-35_0-83_2,2015-05-05 07:00:28,300234060176700.0,SVP-B,83.1518,27.4968,1592.0
region-27_2-82_348-35_0-83_2/2015/05/06/20150506T1301.tiff,region-27_2-82_348-35_0-83_2,2015-05-06 13:00:28,300234060176700.0,SVP-B,83.1172,27.8402,32.0
region-27_2-82_348-35_0-83_2/2015/05/06/20150506T0807.tiff,region-27_2-82_348-35_0-83_2,2015-05-06 07:59:31,300234060176700.0,SVP-B,83.1156,27.777,449.0
region-27_2-82_348-35_0-83_2/2015/05/07/20150507T1342.tiff,region-27_2-82_348-35_0-83_2,2015-05-07 13:59:31,300234060176700.0,SVP-B,83.1058,27.6218,1051.0
region-27_2-82_348-35_0-83_2/2015/05/07/20150507T0711.tiff,region-27_2-82_348-35_0-83_2,2015-05-07 07:00:28,300234060176700.0,SVP-B,83.1102,27.8026,632.0
region-27_2-82_348-35_0-83_2/2015/05/20/20150520T0752.tiff,region-27_2-82_348-35_0-83_2,2015-05-20 07:59:31,300234060176700.0,SVP-B,82.9076,27.3962,451.0
region-27_2-82_348-35_0-83_2/2015/05/20/20150520T1423.tiff,region-27_2-82_348-35_0-83_2,2015-05-20 13:59:31,300234060176700.0,SVP-B,82.9182,27.5698,1409.0
region-27_2-82_348-35_0-83_2/2015/05/21/20150521T1326.tiff,region-27_2-82_348-35_0-83_2,2015-05-21 13:00:28,300234060176700.0,SVP-B,82.8654,27.247,1532.0
region-27_2-82_348-35_0-83_2/2016/09/12/20160912T1327.tiff,region-27_2-82_348-35_0-83_2,2016-09-12 13:00:28,300234062788480.0,Snow_Buoy,82.4,31.204,1592.0
region-27_2-82_348-35_0-83_2/2016/11/01/20161101T1310.tiff,region-27_2-82_348-35_0-83_2,2016-11-01 13:01:55,300234062428050.0,ICEB,82.3702,32.0782,485.0
region-27_2-82_348-35_0-83_2/2016/11/03/20161103T0800.tiff,region-27_2-82_348-35_0-83_2,2016-11-03 07:59:31,300234062428050.0,ICEB,82.5568,33.5042,29.0
region-27_2-82_348-35_0-83_2/2016/11/03/20161103T1254.tiff,region-27_2-82_348-35_0-83_2,2016-11-03 13:09:07,300234062428050.0,ICEB,82.572,33.7024,907.0
region-27_2-82_348-35_0-83_2/2016/11/05/20161105T0605.tiff,region-27_2-82_348-35_0-83_2,2016-11-05 06:01:26,300234062428050.0,ICEB,82.5592,34.4584,214.0
region-27_2-82_348-35_0-83_2/2016/11/05/20161105T1415.tiff,region-27_2-82_348-35_0-83_2,2016-11-05 14:00:57,300234062428050.0,ICEB,82.5492,34.6016,843.0
region-27_2-82_348-35_0-83_2/2017/10/02/20171002T0824.tiff,region-27_2-82_348-35_0-83_2,2017-10-02 07:59:31,300234061398600.0,IceBall,82.8938,27.4784,1469.0
region-27_2-82_348-35_0-83_2/2017/10/03/20171003T0727.tiff,region-27_2-82_348-35_0-83_2,2017-10-03 07:00:28,300234061398600.0,IceBall,82.9236,27.6046,1592.0
region-27_2-82_348-35_0-83_2/2017/10/04/20171004T0807.tiff,region-27_2-82_348-35_0-83_2,2017-10-04 07:59:31,300234061398600.0,IceBall,82.9134,27.663,449.0
region-27_2-82_348-35_0-83_2/2019/05/02/20190502T0727.tiff,region-27_2-82_348-35_0-83_2,2019-05-02 07:03:21,52980.0,SVP-B,83.1344,28.437,1419.0
region-27_2-82_348-35_0-83_2/2019/05/03/20190503T0808.tiff,region-27_2-82_348-35_0-83_2,2019-05-03 08:05:16,52980.0,SVP-B,82.9585,27.6041,164.0
region-27_2-82_348-35_0-83_2/2019/11/20/20191120T0743.tiff,region-27_2-82_348-35_0-83_2,2019-11-20 06:00:00,300234065800040.0,BD2GI,82.432,34.455,6180.0
region-27_2-82_348-35_0-83_2/2020/06/26/20200626T0808.tiff,region-27_2-82_348-35_0-83_2,2020-06-26 08:03:59,52960.0,SVP-B,82.8633,27.2073,241.0
region-27_2-82_348-35_0-83_2/2020/06/27/20200627T0710.tiff,region-27_2-82_348-35_0-83_2,2020-06-27 08:02:58,529600000000000.0,unknown,82.8633,27.2073,3178.0
region-27_2-82_348-35_0-83_2/2021/02/04/20210204T0800.tiff,region-27_2-82_348-35_0-83_2,2021-02-04 07:59:57,300534060319790.0,SVP-B,82.49,28.67,3.0
region-27_2-82_348-35_0-83_2/2021/02/05/20210205T0702.tiff,region-27_2-82_348-35_0-83_2,2021-02-05 07:00:02,300534060319790.0,SVP-B,82.441,29.261,118.0
region-27_765-81_753-35_0-82_6/2016/09/12/20160912T1326.tiff,region-27_765-81_753-35_0-82_6,2016-09-12 12:00:00,300234062788480.0,Snow_Buoy,82.2926,30.9674,5160.0
region-27_765-81_753-35_0-82_6/2019/05/10/20190510T0622.tiff,region-27_765-81_753-35_0-82_6,2019-05-10 06:04:19,52959.0,SVP-B,82.0249,32.5165,1061.0
region-27_765-81_753-35_0-82_6/2019/05/11/20190511T0702.tiff,region-27_765-81_753-35_0-82_6,2019-05-11 07:04:48,52959.0,SVP-B,82.0028,32.3225,168.0
region-27_765-81_753-35_0-82_6/2019/05/12/20190512T0605.tiff,region-27_765-81_753-35_0-82_6,2019-05-12 06:04:19,52959.0,SVP-B,82.0173,32.2392,41.0
region-27_765-81_753-35_0-82_6/2019/05/13/20190513T0646.tiff,region-27_765-81_753-35_0-82_6,2019-05-13 07:04:48,52959.0,SVP-B,82.0978,32.3343,1128.0
region-27_765-81_753-35_0-82_6/2019/05/14/20190514T0549.tiff,region-27_765-81_753-35_0-82_6,2019-05-14 06:05:45,52959.0,SVP-B,82.1647,32.2008,1005.0
region-27_765-81_753-35_0-82_6/2019/05/15/20190515T0630.tiff,region-27_765-81_753-35_0-82_6,2019-05-15 06:04:19,52959.0,SVP-B,82.2268,31.3686,1541.0
region-27_765-81_753-35_0-82_6/2019/05/16/20190516T0710.tiff,region-27_765-81_753-35_0-82_6,2019-05-16 07:03:21,52959.0,SVP-B,82.2323,30.487,399.0
region-27_765-81_753-35_0-82_6/2019/05/18/20190518T0654.tiff,region-27_765-81_753-35_0-82_6,2019-05-18 07:04:48,52959.0,SVP-B,82.167,29.2566,648.0
region-27_765-81_753-35_0-82_6/2019/05/20/20190520T0638.tiff,region-27_765-81_753-35_0-82_6,2019-05-20 07:04:48,52959.0,SVP-B,81.9994,29.3942,1608.0
region-27_765-81_753-35_0-82_6/2019/05/21/20190521T0541.tiff,region-27_765-81_753-35_0-82_6,2019-05-21 06:05:45,52959.0,SVP-B,81.9285,29.5083,1485.0
region-27_765-81_753-35_0-82_6/2019/05/22/20190522T0622.tiff,region-27_765-81_753-35_0-82_6,2019-05-22 06:05:45,52959.0,SVP-B,81.8122,29.4057,975.0
region-27_765-81_753-35_0-82_6/2019/11/10/20191110T0549.tiff,region-27_765-81_753-35_0-82_6,2019-11-10 07:00:02,300234065800040.0,BD2GI,82.095,30.347,4262.0
region-27_765-81_753-35_0-82_6/2019/11/11/20191111T0630.tiff,region-27_765-81_753-35_0-82_6,2019-11-11 07:59:57,300234065800040.0,BD2GI,82.012,30.397,5397.0
region-27_765-81_753-35_0-82_6/2019/11/12/20191112T0710.tiff,region-27_765-81_753-35_0-82_6,2019-11-12 07:00:02,300234065800040.0,BD2GI,82.05,30.004,598.0
region-27_765-81_753-35_0-82_6/2019/11/14/20191114T0654.tiff,region-27_765-81_753-35_0-82_6,2019-11-14 07:59:57,300234065800040.0,BD2GI,82.102,29.749,3957.0
region-27_765-81_753-35_0-82_6/2019/11/15/20191115T0557.tiff,region-27_765-81_753-35_0-82_6,2019-11-15 07:00:02,300234065800040.0,BD2GI,82.146,30.122,3782.0
region-27_765-81_753-35_0-82_6/2019/11/18/20191118T0622.tiff,region-27_765-81_753-35_0-82_6,2019-11-18 07:00:02,300234065800040.0,BD2GI,82.319,32.822,2282.0
region-27_765-81_753-35_0-82_6/2019/12/08/20191208T0654.tiff,region-27_765-81_753-35_0-82_6,2019-12-08 06:00:00,300234065800040.0,BD2GI,81.95,30.056,3240.0
region-27_765-81_753-35_0-82_6/2019/12/09/20191209T0557.tiff,region-27_765-81_753-35_0-82_6,2019-12-09 04:59:57,300234065800040.0,BD2GI,81.815,29.794,3423.0
region-27_765-81_753-35_0-82_6/2019/12/10/20191210T0638.tiff,region-27_765-81_753-35_0-82_6,2019-12-10 06:00:00,300234065800040.0,BD2GI,81.814,29.737,2280.0
region-27_765-81_753-35_0-82_6/2019/12/12/20191212T0622.tiff,region-27_765-81_753-35_0-82_6,2019-12-12 06:00:00,300234065800040.0,BD2GI,81.818,29.507,1320.0
region-27_765-81_753-35_0-82_6/2021/06/04/20210604T0622.tiff,region-27_765-81_753-35_0-82_6,2021-06-04 06:00:00,300234068816640.0,SVP,81.8861,28.386,1320.0
region-27_765-81_753-35_0-82_6/2021/06/05/20210605T0702.tiff,region-27_765-81_753-35_0-82_6,2021-06-05 07:00:02,300234068816640.0,SVP,81.8506,28.5502,118.0
region-33_0-82_95-40_715-83_903/2014/10/08/20141008T1351.tiff,region-33_0-82_95-40_715-83_903,2014-10-08 13:59:31,300234061369400.0,IceBall,83.0966,38.2746,511.0
region-33_0-82_95-40_715-83_903/2014/10/10/20141010T1334.tiff,region-33_0-82_95-40_715-83_903,2014-10-10 13:59:31,300234061369400.0,IceBall,82.9752,38.7074,1531.0
region-33_0-82_95-40_715-83_903/2014/11/05/20141105T0645.tiff,region-33_0-82_95-40_715-83_903,2014-11-05 07:00:28,300234061369400.0,IceBall,83.3628,40.668,928.0
region-33_0-82_95-40_715-83_903/2014/11/09/20141109T0751.tiff,region-33_0-82_95-40_715-83_903,2014-11-09 07:59:31,300234061369400.0,IceBall,83.0928,40.5988,511.0
region-33_0-82_95-40_715-83_903/2014/11/10/20141110T0653.tiff,region-33_0-82_95-40_715-83_903,2014-11-10 07:00:28,300234061369400.0,IceBall,83.038,40.327,448.0
region-33_0-82_95-40_715-83_903/2014/11/11/20141111T0913.tiff,region-33_0-82_95-40_715-83_903,2014-11-11 09:00:00,300234061369400.0,IceBall,82.975,39.4712,780.0
region-33_0-82_95-40_715-83_903/2014/12/06/20141206T1310.tiff,region-33_0-82_95-40_715-83_903,2014-12-06 13:00:28,300234061369400.0,IceBall,83.159,40.6396,572.0
region-33_0-82_95-40_715-83_903/2014/12/06/20141206T1132.tiff,region-33_0-82_95-40_715-83_903,2014-12-06 12:00:00,300234061369400.0,IceBall,83.159,40.6396,1680.0
region-33_0-82_95-40_715-83_903/2014/12/07/20141207T1350.tiff,region-33_0-82_95-40_715-83_903,2014-12-07 13:59:31,300234061369400.0,IceBall,83.2592,39.5814,571.0
region-33_0-82_95-40_715-83_903/2014/12/07/20141207T0719.tiff,region-33_0-82_95-40_715-83_903,2014-12-07 07:00:28,300234061369400.0,IceBall,83.2262,39.9556,1112.0
region-33_0-82_95-40_715-83_903/2014/12/08/20141208T1253.tiff,region-33_0-82_95-40_715-83_903,2014-12-08 13:00:28,300234061369400.0,IceBall,83.2428,38.0988,448.0
region-33_0-82_95-40_715-83_903/2014/12/08/20141208T0621.tiff,region-33_0-82_95-40_715-83_903,2014-12-08 06:00:00,300234061369400.0,IceBall,83.253,38.4092,1260.0
region-33_0-82_95-40_715-83_903/2014/12/09/20141209T0702.tiff,region-33_0-82_95-40_715-83_903,2014-12-09 07:00:28,300234061369400.0,IceBall,83.2438,37.0324,92.0
region-33_0-82_95-40_715-83_903/2014/12/09/20141209T1334.tiff,region-33_0-82_95-40_715-83_903,2014-12-09 13:59:31,300234061369400.0,IceBall,83.256,36.5946,1531.0
region-33_0-82_95-40_715-83_903/2014/12/10/20141210T0743.tiff,region-33_0-82_95-40_715-83_903,2014-12-10 07:59:31,300234061369400.0,IceBall,83.2788,35.869,991.0
region-33_0-82_95-40_715-83_903/2014/12/22/20141222T0743.tiff,region-33_0-82_95-40_715-83_903,2014-12-22 08:02:24,90074.0,ITP,83.8974,33.2269,1164.0
region-33_0-82_95-40_715-83_903/2014/12/22/20141222T0743.tiff,region-33_0-82_95-40_715-83_903,2014-12-22 07:59:31,300234011247800.0,UPTEMPO,83.8966,33.2296,991.0
region-33_0-82_95-40_715-83_903/2015/01/01/20150101T1253.tiff,region-33_0-82_95-40_715-83_903,2015-01-01 13:00:28,90075.0,ITP,83.2855,39.4882,448.0
region-33_0-82_95-40_715-83_903/2015/01/01/20150101T0621.tiff,region-33_0-82_95-40_715-83_903,2015-01-01 06:00:00,90075.0,ITP,83.2706,39.8194,1260.0
region-33_0-82_95-40_715-83_903/2015/01/02/20150102T1334.tiff,region-33_0-82_95-40_715-83_903,2015-01-02 13:59:31,90075.0,ITP,83.3817,38.3941,1531.0
region-33_0-82_95-40_715-83_903/2015/01/02/20150102T0702.tiff,region-33_0-82_95-40_715-83_903,2015-01-02 07:00:28,90075.0,ITP,83.3533,38.6575,92.0
region-33_0-82_95-40_715-83_903/2015/01/03/20150103T0743.tiff,region-33_0-82_95-40_715-83_903,2015-01-03 08:00:57,90075.0,ITP,83.4484,37.9145,1077.0
region-33_0-82_95-40_715-83_903/2015/01/04/20150104T0646.tiff,region-33_0-82_95-40_715-83_903,2015-01-04 07:00:28,90075.0,ITP,83.5034,37.3359,868.0
region-33_0-82_95-40_715-83_903/2015/01/04/20150104T1318.tiff,region-33_0-82_95-40_715-83_903,2015-01-04 13:00:28,90075.0,ITP,83.5135,37.2121,1052.0
region-33_0-82_95-40_715-83_903/2015/01/05/20150105T0727.tiff,region-33_0-82_95-40_715-83_903,2015-01-05 07:00:28,90075.0,ITP,83.5427,37.0427,1592.0
region-33_0-82_95-40_715-83_903/2015/01/06/20150106T0629.tiff,region-33_0-82_95-40_715-83_903,2015-01-06 06:00:00,90075.0,ITP,83.4962,36.9565,1740.0
region-33_0-82_95-40_715-83_903/2015/01/06/20150106T1301.tiff,region-33_0-82_95-40_715-83_903,2015-01-06 13:00:28,90075.0,ITP,83.4861,36.8911,32.0
region-33_0-82_95-40_715-83_903/2015/01/07/20150107T0711.tiff,region-33_0-82_95-40_715-83_903,2015-01-07 07:00:28,90075.0,ITP,83.5422,36.7949,632.0
region-33_0-82_95-40_715-83_903/2015/01/07/20150107T1342.tiff,region-33_0-82_95-40_715-83_903,2015-01-07 14:00:57,90075.0,ITP,83.5842,36.8545,1137.0
region-33_0-82_95-40_715-83_903/2015/01/08/20150108T1245.tiff,region-33_0-82_95-40_715-83_903,2015-01-08 13:00:28,90075.0,ITP,83.7456,37.7023,928.0
region-33_0-82_95-40_715-83_903/2015/01/08/20150108T0750.tiff,region-33_0-82_95-40_715-83_903,2015-01-08 08:00:57,90075.0,ITP,83.7391,37.5686,657.0
region-33_0-82_95-40_715-83_903/2015/01/09/20150109T0831.tiff,region-33_0-82_95-40_715-83_903,2015-01-09 09:00:00,90075.0,ITP,83.7211,37.8614,1740.0
region-33_0-82_95-40_715-83_903/2015/01/09/20150109T1326.tiff,region-33_0-82_95-40_715-83_903,2015-01-09 13:00:28,90075.0,ITP,83.7205,37.7472,1532.0
region-33_0-82_95-40_715-83_903/2015/01/10/20150110T1407.tiff,region-33_0-82_95-40_715-83_903,2015-01-10 14:00:57,90075.0,ITP,83.7227,36.6433,363.0
region-33_0-82_95-40_715-83_903/2015/01/10/20150110T0735.tiff,region-33_0-82_95-40_715-83_903,2015-01-10 07:59:31,90075.0,ITP,83.7283,36.8138,1471.0
region-33_0-82_95-40_715-83_903/2015/01/11/20150111T1309.tiff,region-33_0-82_95-40_715-83_903,2015-01-11 13:00:28,90075.0,ITP,83.7215,36.8373,512.0
region-33_0-82_95-40_715-83_903/2015/01/11/20150111T0637.tiff,region-33_0-82_95-40_715-83_903,2015-01-11 07:00:28,90075.0,ITP,83.7145,36.657,1408.0
region-33_0-82_95-40_715-83_903/2015/01/12/20150112T0719.tiff,region-33_0-82_95-40_715-83_903,2015-01-12 07:00:28,90075.0,ITP,83.6874,37.4614,1112.0
region-33_0-82_95-40_715-83_903/2015/01/12/20150112T1350.tiff,region-33_0-82_95-40_715-83_903,2015-01-12 14:00:57,90075.0,ITP,83.6839,37.3945,657.0
region-33_0-82_95-40_715-83_903/2015/01/13/20150113T1253.tiff,region-33_0-82_95-40_715-83_903,2015-01-13 13:00:28,90075.0,ITP,83.7065,37.4756,448.0
region-33_0-82_95-40_715-83_903/2015/01/13/20150113T0759.tiff,region-33_0-82_95-40_715-83_903,2015-01-13 07:59:31,90075.0,ITP,83.7019,37.4369,31.0
region-33_0-82_95-40_715-83_903/2015/01/14/20150114T0702.tiff,region-33_0-82_95-40_715-83_903,2015-01-14 07:00:28,90075.0,ITP,83.7285,37.637,92.0
region-33_0-82_95-40_715-83_903/2015/01/14/20150114T1334.tiff,region-33_0-82_95-40_715-83_903,2015-01-14 14:00:57,90075.0,ITP,83.7293,37.6809,1617.0
region-33_0-82_95-40_715-83_903/2015/01/15/20150115T0743.tiff,region-33_0-82_95-40_715-83_903,2015-01-15 07:59:31,90075.0,ITP,83.7215,37.258,991.0
region-33_0-82_95-40_715-83_903/2015/01/16/20150116T1318.tiff,region-33_0-82_95-40_715-83_903,2015-01-16 13:00:28,90075.0,ITP,83.6973,36.5446,1052.0
region-33_0-82_95-40_715-83_903/2015/01/16/20150116T0646.tiff,region-33_0-82_95-40_715-83_903,2015-01-16 07:00:28,90075.0,ITP,83.7079,36.6188,868.0
region-33_0-82_95-40_715-83_903/2015/01/17/20150117T1220.tiff,region-33_0-82_95-40_715-83_903,2015-01-17 12:00:00,90075.0,ITP,83.6555,36.3483,1200.0
region-33_0-82_95-40_715-83_903/2015/01/17/20150117T0727.tiff,region-33_0-82_95-40_715-83_903,2015-01-17 07:00:28,90075.0,ITP,83.6635,36.3575,1592.0
region-33_0-82_95-40_715-83_903/2015/01/18/20150118T1301.tiff,region-33_0-82_95-40_715-83_903,2015-01-18 13:00:28,90075.0,ITP,83.6297,36.3521,32.0
region-33_0-82_95-40_715-83_903/2015/01/18/20150118T0629.tiff,region-33_0-82_95-40_715-83_903,2015-01-18 06:00:00,90075.0,ITP,83.6488,36.3095,1740.0
region-33_0-82_95-40_715-83_903/2015/01/19/20150119T0711.tiff,region-33_0-82_95-40_715-83_903,2015-01-19 07:00:28,90075.0,ITP,83.6052,36.454,632.0
region-33_0-82_95-40_715-83_903/2015/01/19/20150119T1342.tiff,region-33_0-82_95-40_715-83_903,2015-01-19 14:00:57,90075.0,ITP,83.6256,36.4774,1137.0
region-33_0-82_95-40_715-83_903/2015/01/20/20150120T0613.tiff,region-33_0-82_95-40_715-83_903,2015-01-20 06:00:00,90075.0,ITP,83.6553,36.1375,780.0
region-33_0-82_95-40_715-83_903/2015/01/21/20150121T0654.tiff,region-33_0-82_95-40_715-83_903,2015-01-21 07:00:28,90075.0,ITP,83.6489,35.8986,388.0
region-33_0-82_95-40_715-83_903/2015/01/21/20150121T1326.tiff,region-33_0-82_95-40_715-83_903,2015-01-21 13:00:28,90075.0,ITP,83.6612,35.9569,1532.0
region-33_0-82_95-40_715-83_903/2015/01/22/20150122T1407.tiff,region-33_0-82_95-40_715-83_903,2015-01-22 14:00:57,90075.0,ITP,83.6941,36.4742,363.0
region-33_0-82_95-40_715-83_903/2015/01/22/20150122T0735.tiff,region-33_0-82_95-40_715-83_903,2015-01-22 07:59:31,90075.0,ITP,83.682,36.3148,1471.0
region-33_0-82_95-40_715-83_903/2015/01/23/20150123T1132.tiff,region-33_0-82_95-40_715-83_903,2015-01-23 12:00:00,90075.0,ITP,83.6207,36.9468,1680.0
region-33_0-82_95-40_715-83_903/2015/01/23/20150123T0637.tiff,region-33_0-82_95-40_715-83_903,2015-01-23 07:00:28,90075.0,ITP,83.6401,36.9067,1408.0
region-33_0-82_95-40_715-83_903/2015/01/23/20150123T1309.tiff,region-33_0-82_95-40_715-83_903,2015-01-23 13:00:28,90075.0,ITP,83.6131,36.9628,512.0
region-33_0-82_95-40_715-83_903/2015/01/24/20150124T0719.tiff,region-33_0-82_95-40_715-83_903,2015-01-24 07:00:28,90075.0,ITP,83.5301,37.1872,1112.0
region-33_0-82_95-40_715-83_903/2015/01/24/20150124T1350.tiff,region-33_0-82_95-40_715-83_903,2015-01-24 13:59:31,90075.0,ITP,83.5047,37.0743,571.0
region-33_0-82_95-40_715-83_903/2015/01/25/20150125T1253.tiff,region-33_0-82_95-40_715-83_903,2015-01-25 13:00:28,90075.0,ITP,83.4715,36.6975,448.0
region-33_0-82_95-40_715-83_903/2015/01/25/20150125T0621.tiff,region-33_0-82_95-40_715-83_903,2015-01-25 06:00:00,90075.0,ITP,83.4773,36.803,1260.0
region-33_0-82_95-40_715-83_903/2015/01/26/20150126T1334.tiff,region-33_0-82_95-40_715-83_903,2015-01-26 14:00:57,90075.0,ITP,83.4749,36.2297,1617.0
region-33_0-82_95-40_715-83_903/2015/01/26/20150126T0702.tiff,region-33_0-82_95-40_715-83_903,2015-01-26 07:00:28,90075.0,ITP,83.4727,36.4126,92.0
region-33_0-82_95-40_715-83_903/2015/01/27/20150127T0743.tiff,region-33_0-82_95-40_715-83_903,2015-01-27 07:59:31,90075.0,ITP,83.4714,35.9205,991.0
region-33_0-82_95-40_715-83_903/2015/02/04/20150204T1309.tiff,region-33_0-82_95-40_715-83_903,2015-02-04 13:00:28,90075.0,ITP,83.6978,36.2418,512.0
region-33_0-82_95-40_715-83_903/2015/02/04/20150204T1132.tiff,region-33_0-82_95-40_715-83_903,2015-02-04 12:00:00,90075.0,ITP,83.6896,36.1021,1680.0
region-33_0-82_95-40_715-83_903/2015/02/04/20150204T0637.tiff,region-33_0-82_95-40_715-83_903,2015-02-04 08:00:57,90075.0,ITP,83.66,35.6136,5037.0
region-33_0-82_95-40_715-83_903/2015/02/05/20150205T0719.tiff,region-33_0-82_95-40_715-83_903,2015-02-05 07:00:28,90075.0,ITP,83.8658,37.8369,1112.0
region-33_0-82_95-40_715-83_903/2015/02/11/20150211T1301.tiff,region-33_0-82_95-40_715-83_903,2015-02-11 13:00:28,90075.0,ITP,83.8841,38.1959,32.0
region-33_0-82_95-40_715-83_903/2015/02/12/20150212T1342.tiff,region-33_0-82_95-40_715-83_903,2015-02-12 14:00:57,90075.0,ITP,83.8304,38.0424,1137.0
region-33_0-82_95-40_715-83_903/2015/02/13/20150213T1245.tiff,region-33_0-82_95-40_715-83_903,2015-02-13 13:00:28,90075.0,ITP,83.777,37.8203,928.0
region-33_0-82_95-40_715-83_903/2015/02/14/20150214T1326.tiff,region-33_0-82_95-40_715-83_903,2015-02-14 13:00:28,90075.0,ITP,83.7256,37.7869,1532.0
region-33_0-82_95-40_715-83_903/2015/02/14/20150214T0831.tiff,region-33_0-82_95-40_715-83_903,2015-02-14 09:00:00,90075.0,ITP,83.7331,37.7773,1740.0
region-33_0-82_95-40_715-83_903/2015/02/15/20150215T0735.tiff,region-33_0-82_95-40_715-83_903,2015-02-15 08:00:57,90075.0,ITP,83.6893,37.779,1557.0
region-33_0-82_95-40_715-83_903/2015/02/15/20150215T1407.tiff,region-33_0-82_95-40_715-83_903,2015-02-15 14:00:57,90075.0,ITP,83.6894,37.7517,363.0
region-33_0-82_95-40_715-83_903/2015/02/16/20150216T0637.tiff,region-33_0-82_95-40_715-83_903,2015-02-16 07:00:28,90075.0,ITP,83.7276,37.0556,1408.0
region-33_0-82_95-40_715-83_903/2015/02/16/20150216T1309.tiff,region-33_0-82_95-40_715-83_903,2015-02-16 13:00:28,90075.0,ITP,83.7609,36.51,512.0
region-33_0-82_95-40_715-83_903/2015/02/17/20150217T1350.tiff,region-33_0-82_95-40_715-83_903,2015-02-17 14:00:57,90075.0,ITP,83.8045,34.8881,657.0
region-33_0-82_95-40_715-83_903/2015/02/17/20150217T0719.tiff,region-33_0-82_95-40_715-83_903,2015-02-17 07:00:28,90075.0,ITP,83.8164,35.1267,1112.0
region-33_0-82_95-40_715-83_903/2016/09/13/20160913T0735.tiff,region-33_0-82_95-40_715-83_903,2016-09-13 07:59:31,300234062788480.0,Snow_Buoy,83.8976,34.4856,1471.0
region-33_0-82_95-40_715-83_903/2016/11/30/20161130T0646.tiff,region-33_0-82_95-40_715-83_903,2016-11-30 07:00:28,300234062428050.0,ICEB,83.2628,40.3354,868.0
region-33_0-82_95-40_715-83_903/2016/11/30/20161130T1318.tiff,region-33_0-82_95-40_715-83_903,2016-11-30 13:01:55,300234062428050.0,ICEB,83.2536,40.1238,965.0
region-33_0-82_95-40_715-83_903/2016/12/01/20161201T1309.tiff,region-33_0-82_95-40_715-83_903,2016-12-01 13:00:28,300234062428050.0,ICEB,83.2108,39.8936,512.0
region-33_0-82_95-40_715-83_903/2016/12/01/20161201T0727.tiff,region-33_0-82_95-40_715-83_903,2016-12-01 07:01:55,300234062428050.0,ICEB,83.221,39.8802,1505.0
region-33_0-82_95-40_715-83_903/2016/12/02/20161202T1350.tiff,region-33_0-82_95-40_715-83_903,2016-12-02 14:02:24,300234062428050.0,ICEB,83.1702,40.1082,744.0
region-33_0-82_95-40_715-83_903/2016/12/02/20161202T0630.tiff,region-33_0-82_95-40_715-83_903,2016-12-02 06:02:52,300234062428050.0,ICEB,83.18,40.0598,1628.0
region-33_0-82_95-40_715-83_903/2016/12/02/20161202T1302.tiff,region-33_0-82_95-40_715-83_903,2016-12-02 13:01:55,300234062428050.0,ICEB,83.1724,40.1016,5.0
region-33_0-82_95-40_715-83_903/2017/09/30/20170930T0839.tiff,region-33_0-82_95-40_715-83_903,2017-09-30 08:29:45,90095.0,ITP,83.8946,35.0761,555.0
region-33_0-82_95-40_715-83_903/2017/09/30/20170930T1155.tiff,region-33_0-82_95-40_715-83_903,2017-09-30 10:00:28,90095.0,ITP,83.9023,35.0826,6872.0
region-33_0-82_95-40_715-83_903/2017/10/01/20171001T0743.tiff,region-33_0-82_95-40_715-83_903,2017-10-01 07:30:43,90095.0,ITP,83.8849,35.72,737.0
region-33_0-82_95-40_715-83_903/2017/10/04/20171004T0806.tiff,region-33_0-82_95-40_715-83_903,2017-10-04 08:00:57,90095.0,ITP,83.8948,36.2408,303.0
region-33_0-82_95-40_715-83_903/2017/10/05/20171005T1204.tiff,region-33_0-82_95-40_715-83_903,2017-10-05 12:00:00,90095.0,ITP,83.7656,35.6206,240.0
region-33_0-82_95-40_715-83_903/2017/10/05/20171005T1204.tiff,region-33_0-82_95-40_715-83_903,2017-10-05 12:00:00,300234062836680.0,IMB,83.79685,36.04927,240.0
region-33_0-82_95-40_715-83_903/2017/10/05/20171005T0710.tiff,region-33_0-82_95-40_715-83_903,2017-10-05 07:00:28,90095.0,ITP,83.7803,35.6404,572.0
region-33_0-82_95-40_715-83_903/2017/10/05/20171005T0710.tiff,region-33_0-82_95-40_715-83_903,2017-10-05 07:00:28,300234062836680.0,IMB,83.83018,36.19323,572.0
region-33_0-82_95-40_715-83_903/2017/10/06/20171006T0750.tiff,region-33_0-82_95-40_715-83_903,2017-10-06 08:00:57,90095.0,ITP,83.6518,35.6327,657.0
region-33_0-82_95-40_715-83_903/2017/10/06/20171006T0750.tiff,region-33_0-82_95-40_715-83_903,2017-10-06 07:59:31,300234062836680.0,IMB,83.68132,36.05267,571.0
region-33_0-82_95-40_715-83_903/2017/10/07/20171007T1147.tiff,region-33_0-82_95-40_715-83_903,2017-10-07 12:00:00,300234062836680.0,IMB,83.59949,35.84553,780.0
region-33_0-82_95-40_715-83_903/2017/10/07/20171007T0831.tiff,region-33_0-82_95-40_715-83_903,2017-10-07 09:00:00,300234062836680.0,IMB,83.593,35.86701,1740.0
region-33_0-82_95-40_715-83_903/2017/10/08/20171008T0734.tiff,region-33_0-82_95-40_715-83_903,2017-10-08 07:59:31,300234062836680.0,IMB,83.56358,35.78535,1531.0
region-33_0-82_95-40_715-83_903/2017/10/08/20171008T1228.tiff,region-33_0-82_95-40_715-83_903,2017-10-08 12:00:00,300234062836680.0,IMB,83.56039,35.82809,1680.0
region-33_0-82_95-40_715-83_903/2017/10/09/20171009T0815.tiff,region-33_0-82_95-40_715-83_903,2017-10-09 07:59:31,300234062836680.0,IMB,83.48482,35.88993,929.0
region-33_0-82_95-40_715-83_903/2017/10/09/20171009T1131.tiff,region-33_0-82_95-40_715-83_903,2017-10-09 12:00:00,300234062836680.0,IMB,83.47965,35.91973,1740.0
region-33_0-82_95-40_715-83_903/2017/10/10/20171010T0718.tiff,region-33_0-82_95-40_715-83_903,2017-10-10 07:00:28,300234062836680.0,IMB,83.46543,35.75024,1052.0
region-33_0-82_95-40_715-83_903/2017/10/10/20171010T1212.tiff,region-33_0-82_95-40_715-83_903,2017-10-10 12:00:00,300234062836680.0,IMB,83.48886,35.53248,720.0
region-33_0-82_95-40_715-83_903/2017/10/15/20171015T1220.tiff,region-33_0-82_95-40_715-83_903,2017-10-15 12:00:00,300234062836680.0,IMB,83.88039,33.24268,1200.0
region-33_0-82_95-40_715-83_903/2017/10/15/20171015T0726.tiff,region-33_0-82_95-40_715-83_903,2017-10-15 07:00:28,300234062836680.0,IMB,83.82321,33.2986,1532.0
region-33_0-82_95-40_715-83_903/2019/04/12/20190412T1147.tiff,region-33_0-82_95-40_715-83_903,2019-04-12 12:05:45,52980.0,SVP-B,83.8845,33.5985,1125.0
region-33_0-82_95-40_715-83_903/2019/04/12/20190412T0653.tiff,region-33_0-82_95-40_715-83_903,2019-04-12 07:04:48,52980.0,SVP-B,83.8848,33.457,708.0
region-33_0-82_95-40_715-83_903/2019/04/19/20190419T1139.tiff,region-33_0-82_95-40_715-83_903,2019-04-19 12:05:45,52959.0,SVP-B,83.4356,40.4032,1605.0
region-33_0-82_95-40_715-83_903/2019/04/19/20190419T0645.tiff,region-33_0-82_95-40_715-83_903,2019-04-19 07:04:48,52959.0,SVP-B,83.4068,40.6078,1188.0
region-33_0-82_95-40_715-83_903/2019/04/20/20190420T1220.tiff,region-33_0-82_95-40_715-83_903,2019-04-20 12:05:45,52959.0,SVP-B,83.431,39.7697,855.0
region-33_0-82_95-40_715-83_903/2019/04/20/20190420T0726.tiff,region-33_0-82_95-40_715-83_903,2019-04-20 07:03:21,52959.0,SVP-B,83.4421,39.862,1359.0
region-33_0-82_95-40_715-83_903/2019/04/21/20190421T0629.tiff,region-33_0-82_95-40_715-83_903,2019-04-21 06:05:45,52959.0,SVP-B,83.363,39.5838,1395.0
region-33_0-82_95-40_715-83_903/2019/04/22/20190422T1204.tiff,region-33_0-82_95-40_715-83_903,2019-04-22 12:05:45,52959.0,SVP-B,83.2887,39.1856,105.0
region-33_0-82_95-40_715-83_903/2019/04/22/20190422T0710.tiff,region-33_0-82_95-40_715-83_903,2019-04-22 07:03:21,52959.0,SVP-B,83.3002,39.2217,399.0
region-33_0-82_95-40_715-83_903/2019/04/24/20190424T0653.tiff,region-33_0-82_95-40_715-83_903,2019-04-24 07:04:48,52959.0,SVP-B,83.1537,39.1527,708.0
region-33_0-82_95-40_715-83_903/2019/04/24/20190424T1147.tiff,region-33_0-82_95-40_715-83_903,2019-04-24 12:05:45,52959.0,SVP-B,83.1235,39.2391,1125.0
region-33_0-82_95-40_715-83_903/2019/04/25/20190425T1228.tiff,region-33_0-82_95-40_715-83_903,2019-04-25 12:05:45,52959.0,SVP-B,83.0134,39.4961,1335.0
region-33_0-82_95-40_715-83_903/2019/04/25/20190425T0734.tiff,region-33_0-82_95-40_715-83_903,2019-04-25 07:03:21,52959.0,SVP-B,83.0425,39.4525,1839.0
region-33_0-82_95-40_715-83_903/2019/05/31/20190531T0734.tiff,region-33_0-82_95-40_715-83_903,2019-05-31 07:59:31,300234065802030.0,BD2GI,83.265,40.631,1531.0
region-33_0-82_95-40_715-83_903/2019/05/31/20190531T1228.tiff,region-33_0-82_95-40_715-83_903,2019-05-31 12:00:00,300234065802030.0,BD2GI,83.265,40.534,1680.0
region-33_0-82_95-40_715-83_903/2019/06/01/20190601T0637.tiff,region-33_0-82_95-40_715-83_903,2019-06-01 07:00:28,300234065802030.0,BD2GI,83.252,40.116,1408.0
region-33_0-82_95-40_715-83_903/2019/06/01/20190601T1131.tiff,region-33_0-82_95-40_715-83_903,2019-06-01 12:00:00,300234065802030.0,BD2GI,83.241,39.988,1740.0
region-33_0-82_95-40_715-83_903/2019/06/02/20190602T1212.tiff,region-33_0-82_95-40_715-83_903,2019-06-02 12:00:00,300234065802030.0,BD2GI,83.15,39.173,720.0
region-33_0-82_95-40_715-83_903/2019/06/02/20190602T0718.tiff,region-33_0-82_95-40_715-83_903,2019-06-02 07:00:28,300234065802030.0,BD2GI,83.179,39.331,1052.0
region-33_0-82_95-40_715-83_903/2019/06/03/20190603T0758.tiff,region-33_0-82_95-40_715-83_903,2019-06-03 07:59:31,300234065802030.0,BD2GI,83.103,38.952,91.0
region-33_0-82_95-40_715-83_903/2019/06/04/20190604T1155.tiff,region-33_0-82_95-40_715-83_903,2019-06-04 12:00:00,300234065802030.0,BD2GI,83.191,38.469,300.0
region-33_0-82_95-40_715-83_903/2019/06/04/20190604T0839.tiff,region-33_0-82_95-40_715-83_903,2019-06-04 09:00:00,300234065802030.0,BD2GI,83.187,38.567,1260.0
region-33_0-82_95-40_715-83_903/2019/06/05/20190605T0743.tiff,region-33_0-82_95-40_715-83_903,2019-06-05 07:59:31,300234065802030.0,BD2GI,83.162,37.795,991.0
region-33_0-82_95-40_715-83_903/2019/06/06/20190606T0645.tiff,region-33_0-82_95-40_715-83_903,2019-06-06 07:00:28,300234065802030.0,BD2GI,83.149,37.106,928.0
region-33_0-82_95-40_715-83_903/2019/06/06/20190606T1139.tiff,region-33_0-82_95-40_715-83_903,2019-06-06 12:00:00,300234065802030.0,BD2GI,83.147,36.964,1260.0
region-33_0-82_95-40_715-83_903/2019/06/07/20190607T1220.tiff,region-33_0-82_95-40_715-83_903,2019-06-07 12:00:00,300234065802030.0,BD2GI,83.11,36.655,1200.0
region-33_0-82_95-40_715-83_903/2019/06/07/20190607T0726.tiff,region-33_0-82_95-40_715-83_903,2019-06-07 07:00:28,300234065802030.0,BD2GI,83.113,36.7,1532.0
region-33_0-82_95-40_715-83_903/2019/06/08/20190608T0806.tiff,region-33_0-82_95-40_715-83_903,2019-06-08 07:59:31,300234065802030.0,BD2GI,83.081,36.376,389.0
region-33_0-82_95-40_715-83_903/2019/06/09/20190609T0710.tiff,region-33_0-82_95-40_715-83_903,2019-06-09 07:00:28,300234065802030.0,BD2GI,83.023,36.097,572.0
region-33_0-82_95-40_715-83_903/2019/06/09/20190609T1204.tiff,region-33_0-82_95-40_715-83_903,2019-06-09 12:00:00,300234065802030.0,BD2GI,83.007,36.103,240.0
region-33_0-82_95-40_715-83_903/2020/06/20/20200620T0719.tiff,region-33_0-82_95-40_715-83_903,2020-06-20 07:00:02,300234068312200.0,SVP,83.8696,36.9822,1138.0
region-33_0-82_95-40_715-83_903/2020/06/20/20200620T1212.tiff,region-33_0-82_95-40_715-83_903,2020-06-20 12:00:00,300234068312200.0,SVP,83.8696,36.9822,720.0
region-33_0-82_95-40_715-83_903/2020/06/21/20200621T0758.tiff,region-33_0-82_95-40_715-83_903,2020-06-21 07:59:57,300234068312200.0,SVP,83.8696,36.9822,117.0
region-33_0-82_95-40_715-83_903/2020/06/22/20200622T1156.tiff,region-33_0-82_95-40_715-83_903,2020-06-22 12:00:00,300234068312200.0,SVP,83.8712,37.8056,240.0
region-33_0-82_95-40_715-83_903/2020/06/22/20200622T0839.tiff,region-33_0-82_95-40_715-83_903,2020-06-22 09:00:00,300234068312200.0,SVP,83.8712,37.8056,1260.0
region-33_0-82_95-40_715-83_903/2020/06/23/20200623T0743.tiff,region-33_0-82_95-40_715-83_903,2020-06-23 07:59:57,300234068312200.0,SVP,83.882,38.0948,1017.0
region-33_0-82_95-40_715-83_903/2020/06/24/20200624T0645.tiff,region-33_0-82_95-40_715-83_903,2020-06-24 07:00:02,300234068312200.0,SVP,83.8946,38.5088,902.0
region-33_0-82_95-40_715-83_903/2020/06/24/20200624T1139.tiff,region-33_0-82_95-40_715-83_903,2020-06-24 12:00:00,300234068312200.0,SVP,83.8946,38.5088,1260.0
region-33_0-82_95-40_715-83_903/2020/06/29/20200629T0653.tiff,region-33_0-82_95-40_715-83_903,2020-06-29 07:00:02,300234068312200.0,SVP,83.8904,37.6214,422.0
region-33_0-82_95-40_715-83_903/2020/06/29/20200629T1147.tiff,region-33_0-82_95-40_715-83_903,2020-06-29 12:00:00,300234068312200.0,SVP,83.8904,37.6214,780.0
region-33_0-82_95-40_715-83_903/2020/06/30/20200630T0912.tiff,region-33_0-82_95-40_715-83_903,2020-06-30 09:00:00,300234068312200.0,SVP,83.83,37.3946,720.0
region-33_0-82_95-40_715-83_903/2020/06/30/20200630T1228.tiff,region-33_0-82_95-40_715-83_903,2020-06-30 12:00:00,300234068312200.0,SVP,83.8212,37.3326,1680.0
region-33_0-82_95-40_715-83_903/2020/07/01/20200701T1131.tiff,region-33_0-82_95-40_715-83_903,2020-07-01 12:00:00,300234068312200.0,SVP,83.7904,36.9616,1740.0
region-33_0-82_95-40_715-83_903/2020/07/01/20200701T0637.tiff,region-33_0-82_95-40_715-83_903,2020-07-01 07:00:02,300234068312200.0,SVP,83.792,37.002,1382.0
region-33_0-82_95-40_715-83_903/2020/07/02/20200702T1212.tiff,region-33_0-82_95-40_715-83_903,2020-07-02 12:00:00,300234068312200.0,SVP,83.7712,36.4928,720.0
region-33_0-82_95-40_715-83_903/2020/07/02/20200702T0719.tiff,region-33_0-82_95-40_715-83_903,2020-07-02 07:00:02,300234068312200.0,SVP,83.7712,36.4928,1138.0
region-33_0-82_95-40_715-83_903/2020/07/03/20200703T0758.tiff,region-33_0-82_95-40_715-83_903,2020-07-03 07:59:57,300234068312200.0,SVP,83.7712,36.4928,117.0
region-33_0-82_95-40_715-83_903/2021/05/22/20210522T1212.tiff,region-33_0-82_95-40_715-83_903,2021-05-22 12:05:02,174646.0,SVP-B,83.8102,33.5262,418.0
region-33_0-82_95-40_715-83_903/2021/05/22/20210522T0719.tiff,region-33_0-82_95-40_715-83_903,2021-05-22 07:04:56,174646.0,SVP-B,83.8102,33.5262,844.0
region-33_0-82_95-40_715-83_903/2021/05/23/20210523T0759.tiff,region-33_0-82_95-40_715-83_903,2021-05-23 08:04:59,174646.0,SVP-B,83.8102,33.5262,359.0
region-33_0-82_95-40_715-83_903/2021/11/30/20211130T1212.tiff,region-33_0-82_95-40_715-83_903,2021-11-30 12:00:00,300534061341560.0,SIMBA,83.65681,40.13802,720.0
region-33_0-82_95-40_715-83_903/2021/11/30/20211130T0719.tiff,region-33_0-82_95-40_715-83_903,2021-11-30 07:30:00,300534061341560.0,SIMBA,83.65832,40.18742,660.0
region-33_07-82_34-40_1-83_297/2014/10/12/20141012T0646.tiff,region-33_07-82_34-40_1-83_297,2014-10-12 07:00:28,300234061369400.0,IceBall,82.8686,38.8676,868.0
region-33_07-82_34-40_1-83_297/2014/10/13/20141013T1359.tiff,region-33_07-82_34-40_1-83_297,2014-10-13 13:59:31,300234061369400.0,IceBall,82.7776,38.872,31.0
region-33_07-82_34-40_1-83_297/2014/10/15/20141015T1342.tiff,region-33_07-82_34-40_1-83_297,2014-10-15 13:59:31,300234061369400.0,IceBall,82.5964,38.7842,1051.0
region-33_07-82_34-40_1-83_297/2014/10/17/20141017T0516.tiff,region-33_07-82_34-40_1-83_297,2014-10-17 04:59:31,300234061369400.0,IceBall,82.6322,38.3714,989.0
region-33_07-82_34-40_1-83_297/2014/10/20/20141020T1351.tiff,region-33_07-82_34-40_1-83_297,2014-10-20 13:59:31,300234061369400.0,IceBall,82.9262,38.326,511.0
region-33_07-82_34-40_1-83_297/2014/11/12/20141112T0637.tiff,region-33_07-82_34-40_1-83_297,2014-11-12 07:00:28,300234061369400.0,IceBall,82.8888,38.7916,1408.0
region-33_07-82_34-40_1-83_297/2014/11/13/20141113T1351.tiff,region-33_07-82_34-40_1-83_297,2014-11-13 13:59:31,300234061369400.0,IceBall,82.7472,38.1092,511.0
region-33_07-82_34-40_1-83_297/2014/11/14/20141114T0621.tiff,region-33_07-82_34-40_1-83_297,2014-11-14 06:00:00,300234061369400.0,IceBall,82.6742,38.0878,1260.0
region-33_07-82_34-40_1-83_297/2014/11/15/20141115T1334.tiff,region-33_07-82_34-40_1-83_297,2014-11-15 13:59:31,300234061369400.0,IceBall,82.6644,38.4902,1531.0
region-33_07-82_34-40_1-83_297/2014/11/15/20141115T0702.tiff,region-33_07-82_34-40_1-83_297,2014-11-15 07:00:28,300234061369400.0,IceBall,82.6254,38.4878,92.0
region-33_07-82_34-40_1-83_297/2014/11/16/20141116T0743.tiff,region-33_07-82_34-40_1-83_297,2014-11-16 07:59:31,300234061369400.0,IceBall,82.6098,38.3554,991.0
region-33_07-82_34-40_1-83_297/2014/11/17/20141117T0645.tiff,region-33_07-82_34-40_1-83_297,2014-11-17 07:00:28,300234061369400.0,IceBall,82.5188,38.6732,928.0
region-33_07-82_34-40_1-83_297/2014/11/21/20141121T0613.tiff,region-33_07-82_34-40_1-83_297,2014-11-21 06:00:00,300234061369400.0,IceBall,82.46,38.667,780.0
region-33_07-82_34-40_1-83_297/2014/11/22/20141122T0653.tiff,region-33_07-82_34-40_1-83_297,2014-11-22 07:00:28,300234061369400.0,IceBall,82.6078,38.681,448.0
region-33_07-82_34-40_1-83_297/2014/11/24/20141124T0637.tiff,region-33_07-82_34-40_1-83_297,2014-11-24 07:00:28,300234061369400.0,IceBall,82.5708,39.6318,1408.0
region-33_07-82_34-40_1-83_297/2014/11/25/20141125T1351.tiff,region-33_07-82_34-40_1-83_297,2014-11-25 13:59:31,300234061369400.0,IceBall,82.4392,39.8172,511.0
region-33_07-82_34-40_1-83_297/2014/11/26/20141126T0621.tiff,region-33_07-82_34-40_1-83_297,2014-11-26 06:00:00,300234061369400.0,IceBall,82.5124,39.9616,1260.0
region-33_07-82_34-40_1-83_297/2016/11/10/20161110T0613.tiff,region-33_07-82_34-40_1-83_297,2016-11-10 06:01:26,300234062428050.0,ICEB,82.3744,39.2558,694.0
region-33_07-82_34-40_1-83_297/2016/12/14/20161214T1350.tiff,region-33_07-82_34-40_1-83_297,2016-12-14 14:02:24,300234062428050.0,ICEB,82.715,39.767,744.0
region-33_07-82_34-40_1-83_297/2016/12/14/20161214T0630.tiff,region-33_07-82_34-40_1-83_297,2016-12-14 06:01:26,300234062428050.0,ICEB,82.6434,39.5718,1714.0
region-33_07-82_34-40_1-83_297/2019/04/26/20190426T0637.tiff,region-33_07-82_34-40_1-83_297,2019-04-26 07:04:48,52959.0,SVP-B,82.9358,39.2666,1668.0
region-33_07-82_34-40_1-83_297/2019/04/27/20190427T1212.tiff,region-33_07-82_34-40_1-83_297,2019-04-27 12:05:45,52959.0,SVP-B,82.8785,39.1286,375.0
region-33_07-82_34-40_1-83_297/2019/04/27/20190427T0718.tiff,region-33_07-82_34-40_1-83_297,2019-04-27 07:03:21,52959.0,SVP-B,82.8788,39.0931,879.0
region-33_07-82_34-40_1-83_297/2019/04/28/20190428T0621.tiff,region-33_07-82_34-40_1-83_297,2019-04-28 06:05:45,52959.0,SVP-B,82.8726,39.0319,915.0
region-33_07-82_34-40_1-83_297/2019/04/29/20190429T0702.tiff,region-33_07-82_34-40_1-83_297,2019-04-29 07:03:21,52959.0,SVP-B,82.7805,39.0806,81.0
region-33_07-82_34-40_1-83_297/2019/04/30/20190430T0743.tiff,region-33_07-82_34-40_1-83_297,2019-04-30 08:05:16,52959.0,SVP-B,82.6199,38.8772,1336.0
region-33_07-82_34-40_1-83_297/2019/05/01/20190501T0645.tiff,region-33_07-82_34-40_1-83_297,2019-05-01 07:03:21,52959.0,SVP-B,82.5349,38.0569,1101.0
region-33_07-82_34-40_1-83_297/2019/05/02/20190502T1220.tiff,region-33_07-82_34-40_1-83_297,2019-05-02 12:05:45,52959.0,SVP-B,82.4071,36.8502,855.0
region-33_07-82_34-40_1-83_297/2019/05/02/20190502T0727.tiff,region-33_07-82_34-40_1-83_297,2019-05-02 07:04:48,52959.0,SVP-B,82.4563,36.9339,1332.0
region-33_07-82_34-40_1-83_297/2019/06/11/20190611T0653.tiff,region-33_07-82_34-40_1-83_297,2019-06-11 07:00:28,300234065802030.0,BD2GI,82.855,35.851,448.0
region-33_07-82_34-40_1-83_297/2019/06/12/20190612T1228.tiff,region-33_07-82_34-40_1-83_297,2019-06-12 12:00:00,300234065802030.0,BD2GI,82.788,35.407,1680.0
region-33_07-82_34-40_1-83_297/2019/06/13/20190613T0637.tiff,region-33_07-82_34-40_1-83_297,2019-06-13 07:00:02,300234065802030.0,BD2GI,82.8,35.392,1382.0
region-33_07-82_34-40_1-83_297/2019/06/14/20190614T0718.tiff,region-33_07-82_34-40_1-83_297,2019-06-14 06:00:00,300234065802030.0,BD2GI,82.803,35.399,4680.0
region-33_07-82_34-40_1-83_297/2019/06/15/20190615T0758.tiff,region-33_07-82_34-40_1-83_297,2019-06-15 07:59:31,300234065802030.0,BD2GI,82.371,35.917,91.0
region-33_07-82_34-40_1-83_297/2019/07/03/20190703T1204.tiff,region-33_07-82_34-40_1-83_297,2019-07-03 12:00:00,300234065801030.0,BD2GI,82.676,38.69,240.0
region-33_07-82_34-40_1-83_297/2019/07/03/20190703T0710.tiff,region-33_07-82_34-40_1-83_297,2019-07-03 07:00:28,300234065801030.0,BD2GI,82.676,38.815,572.0
region-33_07-82_34-40_1-83_297/2019/07/05/20190705T0653.tiff,region-33_07-82_34-40_1-83_297,2019-07-05 07:00:28,300234065801030.0,BD2GI,82.664,38.097,448.0
region-33_07-82_34-40_1-83_297/2019/07/06/20190706T1228.tiff,region-33_07-82_34-40_1-83_297,2019-07-06 12:00:00,300234065801030.0,BD2GI,82.689,37.588,1680.0
region-33_07-82_34-40_1-83_297/2019/07/07/20190707T0637.tiff,region-33_07-82_34-40_1-83_297,2019-07-07 07:00:28,300234065801030.0,BD2GI,82.719,37.565,1408.0
region-33_07-82_34-40_1-83_297/2019/07/08/20190708T1212.tiff,region-33_07-82_34-40_1-83_297,2019-07-08 12:00:00,300234065801030.0,BD2GI,82.712,37.248,720.0
region-33_07-82_34-40_1-83_297/2019/07/09/20190709T0758.tiff,region-33_07-82_34-40_1-83_297,2019-07-09 07:59:31,300234065801030.0,BD2GI,82.706,37.265,91.0
region-33_07-82_34-40_1-83_297/2019/07/10/20190710T0702.tiff,region-33_07-82_34-40_1-83_297,2019-07-10 07:00:28,300234065801030.0,BD2GI,82.77,37.386,92.0
region-33_07-82_34-40_1-83_297/2019/07/11/20190711T0743.tiff,region-33_07-82_34-40_1-83_297,2019-07-11 07:59:31,300234065801030.0,BD2GI,82.762,37.768,991.0
region-33_07-82_34-40_1-83_297/2019/07/12/20190712T0645.tiff,region-33_07-82_34-40_1-83_297,2019-07-12 07:00:28,300234065801030.0,BD2GI,82.698,37.94,928.0
region-33_07-82_34-40_1-83_297/2019/07/13/20190713T1220.tiff,region-33_07-82_34-40_1-83_297,2019-07-13 12:00:00,300234065801030.0,BD2GI,82.651,37.844,1200.0
region-33_07-82_34-40_1-83_297/2019/07/13/20190713T0727.tiff,region-33_07-82_34-40_1-83_297,2019-07-13 07:00:28,300234065801030.0,BD2GI,82.659,37.866,1592.0
region-33_07-82_34-40_1-83_297/2019/07/14/20190714T0807.tiff,region-33_07-82_34-40_1-83_297,2019-07-14 07:59:31,300234065801030.0,BD2GI,82.64,37.828,449.0
region-33_07-82_34-40_1-83_297/2019/07/15/20190715T1204.tiff,region-33_07-82_34-40_1-83_297,2019-07-15 12:00:00,300234065801030.0,BD2GI,82.66,37.955,240.0
region-33_07-82_34-40_1-83_297/2019/07/15/20190715T0710.tiff,region-33_07-82_34-40_1-83_297,2019-07-15 07:00:28,300234065801030.0,BD2GI,82.657,37.951,572.0
region-33_07-82_34-40_1-83_297/2019/07/17/20190717T0653.tiff,region-33_07-82_34-40_1-83_297,2019-07-17 07:00:28,300234065801030.0,BD2GI,82.658,37.717,448.0
region-33_07-82_34-40_1-83_297/2019/07/18/20190718T1228.tiff,region-33_07-82_34-40_1-83_297,2019-07-18 12:00:00,300234065801030.0,BD2GI,82.684,37.103,1680.0
region-33_07-82_34-40_1-83_297/2019/07/19/20190719T0637.tiff,region-33_07-82_34-40_1-83_297,2019-07-19 07:00:28,300234065801030.0,BD2GI,82.682,37.721,1408.0
region-33_07-82_34-40_1-83_297/2019/07/20/20190720T0718.tiff,region-33_07-82_34-40_1-83_297,2019-07-20 07:00:28,300234065801030.0,BD2GI,82.617,38.95,1052.0
region-33_07-82_34-40_1-83_297/2019/07/20/20190720T1212.tiff,region-33_07-82_34-40_1-83_297,2019-07-20 12:00:00,300234065801030.0,BD2GI,82.621,38.973,720.0
region-33_07-82_34-40_1-83_297/2019/07/21/20190721T0758.tiff,region-33_07-82_34-40_1-83_297,2019-07-21 07:59:31,300234065801030.0,BD2GI,82.655,39.237,91.0
region-33_07-82_34-40_1-83_297/2019/07/22/20190722T0702.tiff,region-33_07-82_34-40_1-83_297,2019-07-22 07:00:28,300234065801030.0,BD2GI,82.68,39.494,92.0
region-33_07-82_34-40_1-83_297/2019/07/23/20190723T0743.tiff,region-33_07-82_34-40_1-83_297,2019-07-23 07:59:31,300234065801030.0,BD2GI,82.672,39.852,991.0
region-33_07-82_34-40_1-83_297/2019/07/25/20190725T0727.tiff,region-33_07-82_34-40_1-83_297,2019-07-25 07:00:28,300234065801030.0,BD2GI,82.544,40.099,1592.0
region-33_07-82_34-40_1-83_297/2019/07/25/20190725T1220.tiff,region-33_07-82_34-40_1-83_297,2019-07-25 12:00:00,300234065801030.0,BD2GI,82.535,40.017,1200.0
region-33_07-82_34-40_1-83_297/2019/07/27/20190727T1204.tiff,region-33_07-82_34-40_1-83_297,2019-07-27 12:00:00,300234065801030.0,BD2GI,82.39,39.971,240.0
region-33_07-82_34-40_1-83_297/2019/07/29/20190729T0653.tiff,region-33_07-82_34-40_1-83_297,2019-07-29 07:00:28,300234065801030.0,BD2GI,82.344,39.355,448.0
region-33_07-82_34-40_1-83_297/2019/07/30/20190730T1228.tiff,region-33_07-82_34-40_1-83_297,2019-07-30 12:00:00,300234065801030.0,BD2GI,82.342,39.863,1680.0
region-33_07-82_34-40_1-83_297/2019/10/24/20191024T0719.tiff,region-33_07-82_34-40_1-83_297,2019-10-24 09:00:00,300234065800040.0,BD2GI,82.459,37.196,6060.0
region-33_07-82_34-40_1-83_297/2019/10/26/20191026T0702.tiff,region-33_07-82_34-40_1-83_297,2019-10-26 07:00:02,300234065800040.0,BD2GI,82.368,37.061,118.0
region-33_2-81_641-39_585-82_6/2019/05/03/20190503T0629.tiff,region-33_2-81_641-39_585-82_6,2019-05-03 06:05:45,52959.0,SVP-B,82.3062,35.9845,1395.0
region-33_2-81_641-39_585-82_6/2019/05/04/20190504T0531.tiff,region-33_2-81_641-39_585-82_6,2019-05-04 05:03:50,52959.0,SVP-B,82.2871,35.3874,1630.0
region-33_2-81_641-39_585-82_6/2019/05/06/20190506T0653.tiff,region-33_2-81_641-39_585-82_6,2019-05-06 07:03:21,52959.0,SVP-B,82.1451,34.7068,621.0
region-33_2-81_641-39_585-82_6/2019/05/07/20190507T1228.tiff,region-33_2-81_641-39_585-82_6,2019-05-07 12:04:19,52959.0,SVP-B,82.0871,34.1386,1421.0
region-33_2-81_641-39_585-82_6/2019/05/08/20190508T0637.tiff,region-33_2-81_641-39_585-82_6,2019-05-08 07:03:21,52959.0,SVP-B,82.0505,33.8228,1581.0
region-33_2-81_641-39_585-82_6/2019/05/09/20190509T0540.tiff,region-33_2-81_641-39_585-82_6,2019-05-09 06:05:45,52959.0,SVP-B,82.0393,33.4166,1545.0
region-33_2-81_641-39_585-82_6/2019/06/18/20190618T0645.tiff,region-33_2-81_641-39_585-82_6,2019-06-18 07:00:28,300234065802030.0,BD2GI,81.889,35.692,928.0
region-33_2-81_641-39_585-82_6/2019/06/19/20190619T0548.tiff,region-33_2-81_641-39_585-82_6,2019-06-19 06:00:00,300234065802030.0,BD2GI,81.808,35.594,720.0
region-33_2-81_641-39_585-82_6/2019/06/20/20190620T0629.tiff,region-33_2-81_641-39_585-82_6,2019-06-20 06:00:00,300234065802030.0,BD2GI,81.756,35.4,1740.0
region-33_2-81_641-39_585-82_6/2019/06/21/20190621T0532.tiff,region-33_2-81_641-39_585-82_6,2019-06-21 06:00:00,300234065802030.0,BD2GI,81.74,35.743,1680.0
region-33_2-81_641-39_585-82_6/2019/06/23/20190623T0653.tiff,region-33_2-81_641-39_585-82_6,2019-06-23 07:00:28,300234065802030.0,BD2GI,81.659,36.245,448.0
region-33_2-81_641-39_585-82_6/2019/07/29/20190729T0653.tiff,region-33_2-81_641-39_585-82_6,2019-07-29 07:59:31,300234065801030.0,BD2GI,82.339,39.353,3991.0
region-33_2-81_641-39_585-82_6/2019/08/02/20190802T0622.tiff,region-33_2-81_641-39_585-82_6,2019-08-02 06:00:00,300234065801030.0,BD2GI,82.19,39.517,1320.0
region-33_2-81_641-39_585-82_6/2019/08/10/20190810T0653.tiff,region-33_2-81_641-39_585-82_6,2019-08-10 07:00:28,300234065801030.0,BD2GI,81.804,39.462,448.0
region-33_2-81_641-39_585-82_6/2019/10/27/20191027T0604.tiff,region-33_2-81_641-39_585-82_6,2019-10-27 07:59:57,300234065800040.0,BD2GI,82.336,36.352,6957.0
region-33_2-81_641-39_585-82_6/2019/10/30/20191030T0629.tiff,region-33_2-81_641-39_585-82_6,2019-10-30 07:59:57,300234065800040.0,BD2GI,82.156,34.93,5457.0
region-33_2-81_641-39_585-82_6/2019/11/02/20191102T0653.tiff,region-33_2-81_641-39_585-82_6,2019-11-02 06:00:00,300234065800040.0,BD2GI,82.166,33.532,3180.0
region-33_2-81_641-39_585-82_6/2019/11/24/20191124T0532.tiff,region-33_2-81_641-39_585-82_6,2019-11-24 07:00:02,300234065800040.0,BD2GI,82.315,36.112,5282.0
region-33_2-81_641-39_585-82_6/2019/11/26/20191126T0653.tiff,region-33_2-81_641-39_585-82_6,2019-11-26 06:00:00,300234065800040.0,BD2GI,81.979,37.275,3180.0
region-33_2-81_641-39_585-82_6/2019/11/27/20191127T0556.tiff,region-33_2-81_641-39_585-82_6,2019-11-27 04:59:57,300234065800040.0,BD2GI,81.902,36.921,3363.0
region-33_2-81_641-39_585-82_6/2019/11/29/20191129T0540.tiff,region-33_2-81_641-39_585-82_6,2019-11-29 06:00:00,300234065800040.0,BD2GI,81.794,36.559,1200.0
region-33_2-81_641-39_585-82_6/2019/11/30/20191130T0622.tiff,region-33_2-81_641-39_585-82_6,2019-11-30 04:59:57,300234065800040.0,BD2GI,81.774,36.103,4923.0
region-33_2-81_641-39_585-82_6/2019/12/01/20191201T0523.tiff,region-33_2-81_641-39_585-82_6,2019-12-01 06:00:00,300234065800040.0,BD2GI,81.808,35.442,2220.0
region-33_2-81_641-39_585-82_6/2019/12/02/20191202T0604.tiff,region-33_2-81_641-39_585-82_6,2019-12-02 06:00:00,300234065800040.0,BD2GI,81.843,34.62,240.0
region-33_2-81_641-39_585-82_6/2019/12/03/20191203T0645.tiff,region-33_2-81_641-39_585-82_6,2019-12-03 04:59:57,300234065800040.0,BD2GI,81.917,34.358,6303.0
region-33_2-81_641-39_585-82_6/2019/12/05/20191205T0629.tiff,region-33_2-81_641-39_585-82_6,2019-12-05 06:00:00,300234065800040.0,BD2GI,82.07,33.804,1740.0
region-38_38-81_728-45_44-82_6/2019/04/01/20190401T0556.tiff,region-38_38-81_728-45_44-82_6,2019-04-01 06:05:45,52988.0,SVP-B,81.7352,42.6668,585.0
region-38_38-81_728-45_44-82_6/2019/04/29/20190429T0523.tiff,region-38_38-81_728-45_44-82_6,2019-04-29 05:03:50,52985.0,SVP-B,82.1057,45.3462,1150.0
region-38_38-81_728-45_44-82_6/2019/04/30/20190430T0604.tiff,region-38_38-81_728-45_44-82_6,2019-04-30 06:04:19,52985.0,SVP-B,81.936,44.8817,19.0
region-38_38-81_728-45_44-82_6/2019/05/01/20190501T0507.tiff,region-38_38-81_728-45_44-82_6,2019-05-01 05:05:16,52985.0,SVP-B,81.8018,43.8532,104.0
region-38_38-81_728-45_44-82_6/2019/07/31/20190731T0459.tiff,region-38_38-81_728-45_44-82_6,2019-07-31 04:59:31,300234065801030.0,BD2GI,82.325,39.881,31.0
region-38_38-81_728-45_44-82_6/2019/08/01/20190801T1212.tiff,region-38_38-81_728-45_44-82_6,2019-08-01 12:00:00,300234065801030.0,BD2GI,82.312,39.72,720.0
region-38_38-81_728-45_44-82_6/2019/08/01/20190801T0540.tiff,region-38_38-81_728-45_44-82_6,2019-08-01 06:00:00,300234065801030.0,BD2GI,82.264,39.807,1200.0
region-38_38-81_728-45_44-82_6/2019/08/04/20190804T0604.tiff,region-38_38-81_728-45_44-82_6,2019-08-04 07:00:28,300234065801030.0,BD2GI,82.143,39.902,3388.0
region-38_38-81_728-45_44-82_6/2019/08/05/20190805T0507.tiff,region-38_38-81_728-45_44-82_6,2019-08-05 04:59:31,300234065801030.0,BD2GI,82.112,40.146,449.0
region-38_38-81_728-45_44-82_6/2019/08/06/20190806T0548.tiff,region-38_38-81_728-45_44-82_6,2019-08-06 06:00:00,300234065801030.0,BD2GI,82.107,40.172,720.0
region-38_38-81_728-45_44-82_6/2019/08/06/20190806T1220.tiff,region-38_38-81_728-45_44-82_6,2019-08-06 12:00:00,300234065801030.0,BD2GI,82.09,40.209,1200.0
region-38_38-81_728-45_44-82_6/2019/08/07/20190807T0629.tiff,region-38_38-81_728-45_44-82_6,2019-08-07 06:00:00,300234065801030.0,BD2GI,82.023,40.415,1740.0
region-38_38-81_728-45_44-82_6/2019/08/08/20190808T0532.tiff,region-38_38-81_728-45_44-82_6,2019-08-08 06:00:00,300234065801030.0,BD2GI,82.005,40.538,1680.0
region-38_38-81_728-45_44-82_6/2019/08/08/20190808T1204.tiff,region-38_38-81_728-45_44-82_6,2019-08-08 12:00:00,300234065801030.0,BD2GI,82.003,40.562,240.0
region-38_38-81_728-45_44-82_6/2019/08/09/20190809T0434.tiff,region-38_38-81_728-45_44-82_6,2019-08-09 04:59:31,300234065801030.0,BD2GI,81.992,40.556,1531.0
region-38_38-81_728-45_44-82_6/2019/08/10/20190810T0515.tiff,region-38_38-81_728-45_44-82_6,2019-08-10 04:00:28,300234065801030.0,BD2GI,81.83,39.631,4472.0
region-38_38-82_95-46_0-83_913/2014/11/07/20141107T0629.tiff,region-38_38-82_95-46_0-83_913,2014-11-07 06:00:00,300234061369400.0,IceBall,83.1644,41.3656,1740.0
region-38_38-82_95-46_0-83_913/2014/11/08/20141108T0848.tiff,region-38_38-82_95-46_0-83_913,2014-11-08 09:00:00,300234061369400.0,IceBall,83.1012,41.3194,720.0
region-38_38-82_95-46_0-83_913/2014/12/01/20141201T1301.tiff,region-38_38-82_95-46_0-83_913,2014-12-01 15:00:00,300234061369400.0,IceBall,82.9526,43.1296,7140.0
region-38_38-82_95-46_0-83_913/2014/12/02/20141202T0709.tiff,region-38_38-82_95-46_0-83_913,2014-12-02 07:00:28,300234061369400.0,IceBall,83.0262,43.2532,512.0
region-38_38-82_95-46_0-83_913/2014/12/03/20141203T0613.tiff,region-38_38-82_95-46_0-83_913,2014-12-03 06:00:00,300234061369400.0,IceBall,83.129,42.7672,780.0
region-38_38-82_95-46_0-83_913/2014/12/04/20141204T1326.tiff,region-38_38-82_95-46_0-83_913,2014-12-04 13:00:28,300234061369400.0,IceBall,83.1446,41.459,1532.0
region-38_38-82_95-46_0-83_913/2014/12/04/20141204T0654.tiff,region-38_38-82_95-46_0-83_913,2014-12-04 07:00:28,300234061369400.0,IceBall,83.161,41.7488,388.0
region-38_38-82_95-46_0-83_913/2014/12/05/20141205T0557.tiff,region-38_38-82_95-46_0-83_913,2014-12-05 06:00:00,300234061369400.0,IceBall,83.1078,41.0308,180.0
region-38_38-82_95-46_0-83_913/2014/12/06/20141206T0637.tiff,region-38_38-82_95-46_0-83_913,2014-12-06 07:00:28,300234061369400.0,IceBall,83.1424,40.743,1408.0
region-38_38-82_95-46_0-83_913/2014/12/08/20141208T0621.tiff,region-38_38-82_95-46_0-83_913,2014-12-08 06:01:26,90074.0,ITP,83.909,45.8435,1174.0
region-38_38-82_95-46_0-83_913/2014/12/08/20141208T0621.tiff,region-38_38-82_95-46_0-83_913,2014-12-08 06:00:00,300234011247800.0,UPTEMPO,83.9084,45.843,1260.0
region-38_38-82_95-46_0-83_913/2014/12/20/20141220T1253.tiff,region-38_38-82_95-46_0-83_913,2014-12-20 13:00:28,90075.0,ITP,83.6042,45.975,448.0
region-38_38-82_95-46_0-83_913/2014/12/21/20141221T0702.tiff,region-38_38-82_95-46_0-83_913,2014-12-21 07:00:28,90075.0,ITP,83.6027,45.5156,92.0
region-38_38-82_95-46_0-83_913/2014/12/22/20141222T0743.tiff,region-38_38-82_95-46_0-83_913,2014-12-22 07:59:31,90075.0,ITP,83.5654,44.9586,991.0
region-38_38-82_95-46_0-83_913/2014/12/23/20141223T0646.tiff,region-38_38-82_95-46_0-83_913,2014-12-23 07:00:28,90075.0,ITP,83.519,44.0853,868.0
region-38_38-82_95-46_0-83_913/2014/12/23/20141223T1318.tiff,region-38_38-82_95-46_0-83_913,2014-12-23 13:00:28,90075.0,ITP,83.5084,43.7897,1052.0
region-38_38-82_95-46_0-83_913/2014/12/24/20141224T1359.tiff,region-38_38-82_95-46_0-83_913,2014-12-24 14:00:57,90075.0,ITP,83.4489,42.8074,117.0
region-38_38-82_95-46_0-83_913/2014/12/25/20141225T1301.tiff,region-38_38-82_95-46_0-83_913,2014-12-25 13:00:28,90075.0,ITP,83.361,42.4954,32.0
region-38_38-82_95-46_0-83_913/2014/12/25/20141225T0629.tiff,region-38_38-82_95-46_0-83_913,2014-12-25 06:00:00,90075.0,ITP,83.3909,42.5576,1740.0
region-38_38-82_95-46_0-83_913/2014/12/26/20141226T0709.tiff,region-38_38-82_95-46_0-83_913,2014-12-26 07:00:28,90075.0,ITP,83.2869,42.4274,512.0
region-38_38-82_95-46_0-83_913/2014/12/27/20141227T1245.tiff,region-38_38-82_95-46_0-83_913,2014-12-27 13:00:28,90075.0,ITP,83.1525,42.4969,928.0
region-38_38-82_95-46_0-83_913/2014/12/27/20141227T0613.tiff,region-38_38-82_95-46_0-83_913,2014-12-27 06:00:00,90075.0,ITP,83.1836,42.4712,780.0
region-38_38-82_95-46_0-83_913/2014/12/28/20141228T0654.tiff,region-38_38-82_95-46_0-83_913,2014-12-28 07:00:28,90075.0,ITP,83.1206,42.5868,388.0
region-38_38-82_95-46_0-83_913/2014/12/28/20141228T1326.tiff,region-38_38-82_95-46_0-83_913,2014-12-28 13:00:28,90075.0,ITP,83.1212,42.5935,1532.0
region-38_38-82_95-46_0-83_913/2014/12/29/20141229T0557.tiff,region-38_38-82_95-46_0-83_913,2014-12-29 06:00:00,90075.0,ITP,83.1327,42.4933,180.0
region-38_38-82_95-46_0-83_913/2014/12/29/20141229T1228.tiff,region-38_38-82_95-46_0-83_913,2014-12-29 12:00:00,90075.0,ITP,83.1352,42.4219,1680.0
region-38_38-82_95-46_0-83_913/2014/12/30/20141230T1309.tiff,region-38_38-82_95-46_0-83_913,2014-12-30 13:00:28,90075.0,ITP,83.1793,41.7822,512.0
region-38_38-82_95-46_0-83_913/2016/11/15/20161115T0621.tiff,region-38_38-82_95-46_0-83_913,2016-11-15 06:00:00,300234062428050.0,ICEB,83.055,43.547,1260.0
region-38_38-82_95-46_0-83_913/2016/11/15/20161115T1254.tiff,region-38_38-82_95-46_0-83_913,2016-11-15 13:01:55,300234062428050.0,ICEB,83.134,44.0824,475.0
region-38_38-82_95-46_0-83_913/2016/11/25/20161125T1310.tiff,region-38_38-82_95-46_0-83_913,2016-11-25 13:00:28,300234062428050.0,ICEB,83.397,45.4628,572.0
region-38_38-82_95-46_0-83_913/2016/11/26/20161126T1122.tiff,region-38_38-82_95-46_0-83_913,2016-11-26 11:00:57,300234062428050.0,ICEB,83.3038,43.8078,1263.0
region-38_38-82_95-46_0-83_913/2016/11/26/20161126T0719.tiff,region-38_38-82_95-46_0-83_913,2016-11-26 07:00:28,300234062428050.0,ICEB,83.315,44.0446,1112.0
region-38_38-82_95-46_0-83_913/2016/11/27/20161127T0621.tiff,region-38_38-82_95-46_0-83_913,2016-11-27 06:01:26,300234062428050.0,ICEB,83.2778,42.7768,1174.0
region-38_38-82_95-46_0-83_913/2016/11/27/20161127T1254.tiff,region-38_38-82_95-46_0-83_913,2016-11-27 13:00:28,300234062428050.0,ICEB,83.2602,42.5108,388.0
region-38_38-82_95-46_0-83_913/2016/11/28/20161128T0702.tiff,region-38_38-82_95-46_0-83_913,2016-11-28 07:00:28,300234062428050.0,ICEB,83.232,41.9432,92.0
region-38_38-82_95-46_0-83_913/2016/11/28/20161128T0524.tiff,region-38_38-82_95-46_0-83_913,2016-11-28 05:00:57,300234062428050.0,ICEB,83.2298,42.014,1383.0
region-38_38-82_95-46_0-83_913/2016/11/29/20161129T1237.tiff,region-38_38-82_95-46_0-83_913,2016-11-29 13:00:28,300234062428050.0,ICEB,83.26,41.1526,1408.0
region-38_38-82_95-46_0-83_913/2016/11/29/20161129T0605.tiff,region-38_38-82_95-46_0-83_913,2016-11-29 06:01:26,300234062428050.0,ICEB,83.258,41.4016,214.0
region-38_38-82_95-46_0-83_913/2016/12/04/20161204T0613.tiff,region-38_38-82_95-46_0-83_913,2016-12-04 06:01:26,300234062428050.0,ICEB,83.0252,41.2326,694.0
region-38_38-82_95-46_0-83_913/2016/12/05/20161205T0516.tiff,region-38_38-82_95-46_0-83_913,2016-12-05 05:02:24,300234062428050.0,ICEB,83.0218,41.206,816.0
region-38_38-82_95-46_0-83_913/2016/12/18/20161218T0734.tiff,region-38_38-82_95-46_0-83_913,2016-12-18 08:02:24,300234062428050.0,ICEB,82.9674,41.4456,1704.0
region-38_38-82_95-46_0-83_913/2019/04/03/20190403T0718.tiff,region-38_38-82_95-46_0-83_913,2019-04-03 07:06:14,52959.0,SVP-B,83.5435,44.5084,706.0
region-38_38-82_95-46_0-83_913/2019/04/03/20190403T1212.tiff,region-38_38-82_95-46_0-83_913,2019-04-03 12:05:45,52959.0,SVP-B,83.5408,44.4487,375.0
region-38_38-82_95-46_0-83_913/2019/04/04/20190404T1114.tiff,region-38_38-82_95-46_0-83_913,2019-04-04 11:03:50,52959.0,SVP-B,83.5236,44.1824,610.0
region-38_38-82_95-46_0-83_913/2019/04/04/20190404T0621.tiff,region-38_38-82_95-46_0-83_913,2019-04-04 06:05:45,52959.0,SVP-B,83.5273,44.2123,915.0
region-38_38-82_95-46_0-83_913/2019/04/05/20190405T1155.tiff,region-38_38-82_95-46_0-83_913,2019-04-05 12:05:45,52959.0,SVP-B,83.555,43.8969,645.0
region-38_38-82_95-46_0-83_913/2019/04/05/20190405T0702.tiff,region-38_38-82_95-46_0-83_913,2019-04-05 07:03:21,52959.0,SVP-B,83.5393,44.0621,81.0
region-38_38-82_95-46_0-83_913/2019/04/06/20190406T0604.tiff,region-38_38-82_95-46_0-83_913,2019-04-06 06:05:45,52959.0,SVP-B,83.5721,43.2246,105.0
region-38_38-82_95-46_0-83_913/2019/04/07/20190407T0645.tiff,region-38_38-82_95-46_0-83_913,2019-04-07 07:04:48,52959.0,SVP-B,83.4843,42.4132,1188.0
region-38_38-82_95-46_0-83_913/2019/04/07/20190407T1139.tiff,region-38_38-82_95-46_0-83_913,2019-04-07 12:05:45,52959.0,SVP-B,83.4623,42.3083,1605.0
region-38_38-82_95-46_0-83_913/2019/04/08/20190408T1220.tiff,region-38_38-82_95-46_0-83_913,2019-04-08 12:05:45,52959.0,SVP-B,83.3741,42.2079,855.0
region-38_38-82_95-46_0-83_913/2019/04/08/20190408T0726.tiff,region-38_38-82_95-46_0-83_913,2019-04-08 07:04:48,52959.0,SVP-B,83.3963,42.1908,1272.0
region-38_38-82_95-46_0-83_913/2019/04/09/20190409T1123.tiff,region-38_38-82_95-46_0-83_913,2019-04-09 11:03:50,52959.0,SVP-B,83.3117,42.3761,1150.0
region-38_38-82_95-46_0-83_913/2019/04/09/20190409T0629.tiff,region-38_38-82_95-46_0-83_913,2019-04-09 06:05:45,52959.0,SVP-B,83.314,42.3328,1395.0
region-38_38-82_95-46_0-83_913/2019/04/10/20190410T1204.tiff,region-38_38-82_95-46_0-83_913,2019-04-10 12:05:45,52959.0,SVP-B,83.3239,42.0774,105.0
region-38_38-82_95-46_0-83_913/2019/04/10/20190410T0710.tiff,region-38_38-82_95-46_0-83_913,2019-04-10 07:03:21,52959.0,SVP-B,83.3307,42.1797,399.0
region-38_38-82_95-46_0-83_913/2019/04/11/20190411T1106.tiff,region-38_38-82_95-46_0-83_913,2019-04-11 11:05:16,52959.0,SVP-B,83.2814,41.7974,44.0
region-38_38-82_95-46_0-83_913/2019/04/12/20190412T1147.tiff,region-38_38-82_95-46_0-83_913,2019-04-12 12:04:19,52959.0,SVP-B,83.2284,41.9056,1039.0
region-38_38-82_95-46_0-83_913/2019/04/12/20190412T0653.tiff,region-38_38-82_95-46_0-83_913,2019-04-12 07:04:48,52959.0,SVP-B,83.2364,41.8102,708.0
region-38_38-82_95-46_0-83_913/2019/04/13/20190413T0556.tiff,region-38_38-82_95-46_0-83_913,2019-04-13 06:04:19,52959.0,SVP-B,83.2352,41.926,499.0
region-38_38-82_95-46_0-83_913/2019/04/13/20190413T1228.tiff,region-38_38-82_95-46_0-83_913,2019-04-13 12:05:45,52959.0,SVP-B,83.2407,41.9209,1335.0
region-38_38-82_95-46_0-83_913/2019/04/14/20190414T0637.tiff,region-38_38-82_95-46_0-83_913,2019-04-14 07:04:48,52959.0,SVP-B,83.2569,41.7841,1668.0
region-38_38-82_95-46_0-83_913/2019/04/14/20190414T1131.tiff,region-38_38-82_95-46_0-83_913,2019-04-14 11:03:50,52959.0,SVP-B,83.2558,41.7464,1630.0
region-38_38-82_95-46_0-83_913/2019/04/15/20190415T1212.tiff,region-38_38-82_95-46_0-83_913,2019-04-15 12:05:45,52959.0,SVP-B,83.267,41.4772,375.0
region-38_38-82_95-46_0-83_913/2019/04/15/20190415T0717.tiff,region-38_38-82_95-46_0-83_913,2019-04-15 07:03:21,52959.0,SVP-B,83.2616,41.4784,819.0
region-38_38-82_95-46_0-83_913/2019/04/16/20190416T0621.tiff,region-38_38-82_95-46_0-83_913,2019-04-16 06:05:45,52959.0,SVP-B,83.3559,41.6811,915.0
region-38_38-82_95-46_0-83_913/2019/04/16/20190416T1114.tiff,region-38_38-82_95-46_0-83_913,2019-04-16 11:05:16,52959.0,SVP-B,83.3756,41.7676,524.0
region-38_38-82_95-46_0-83_913/2019/04/17/20190417T0702.tiff,region-38_38-82_95-46_0-83_913,2019-04-17 07:04:48,52959.0,SVP-B,83.3219,41.7939,168.0
region-38_38-82_95-46_0-83_913/2019/04/17/20190417T1155.tiff,region-38_38-82_95-46_0-83_913,2019-04-17 12:05:45,52959.0,SVP-B,83.3063,41.7602,645.0
region-38_38-82_95-46_0-83_913/2019/05/23/20190523T0839.tiff,region-38_38-82_95-46_0-83_913,2019-05-23 09:00:00,300234065802030.0,BD2GI,83.263,45.891,1260.0
region-38_38-82_95-46_0-83_913/2019/05/23/20190523T1155.tiff,region-38_38-82_95-46_0-83_913,2019-05-23 12:00:00,300234065802030.0,BD2GI,83.257,45.787,300.0
region-38_38-82_95-46_0-83_913/2019/05/24/20190524T0742.tiff,region-38_38-82_95-46_0-83_913,2019-05-24 07:59:31,300234065802030.0,BD2GI,83.236,44.955,1051.0
region-38_38-82_95-46_0-83_913/2019/05/25/20190525T1139.tiff,region-38_38-82_95-46_0-83_913,2019-05-25 12:00:00,300234065802030.0,BD2GI,83.208,44.11,1260.0
region-38_38-82_95-46_0-83_913/2019/05/25/20190525T0645.tiff,region-38_38-82_95-46_0-83_913,2019-05-25 07:00:28,300234065802030.0,BD2GI,83.208,44.29,928.0
region-38_38-82_95-46_0-83_913/2019/05/26/20190526T1220.tiff,region-38_38-82_95-46_0-83_913,2019-05-26 12:00:00,300234065802030.0,BD2GI,83.24,43.492,1200.0
region-38_38-82_95-46_0-83_913/2019/05/26/20190526T0726.tiff,region-38_38-82_95-46_0-83_913,2019-05-26 07:00:28,300234065802030.0,BD2GI,83.236,43.603,1532.0
region-38_38-82_95-46_0-83_913/2019/05/27/20190527T0806.tiff,region-38_38-82_95-46_0-83_913,2019-05-27 07:59:31,300234065802030.0,BD2GI,83.232,43.035,389.0
region-38_38-82_95-46_0-83_913/2019/05/27/20190527T1123.tiff,region-38_38-82_95-46_0-83_913,2019-05-27 10:59:31,300234065802030.0,BD2GI,83.226,42.923,1409.0
region-38_38-82_95-46_0-83_913/2019/05/28/20190528T1204.tiff,region-38_38-82_95-46_0-83_913,2019-05-28 12:00:00,300234065802030.0,BD2GI,83.201,41.814,240.0
region-38_38-82_95-46_0-83_913/2019/05/28/20190528T0710.tiff,region-38_38-82_95-46_0-83_913,2019-05-28 07:00:28,300234065802030.0,BD2GI,83.192,41.979,572.0
region-38_38-82_95-46_0-83_913/2019/05/29/20190529T1106.tiff,region-38_38-82_95-46_0-83_913,2019-05-29 10:59:31,300234065802030.0,BD2GI,83.25,41.45,389.0
region-38_38-82_95-46_0-83_913/2019/05/30/20190530T1147.tiff,region-38_38-82_95-46_0-83_913,2019-05-30 12:00:00,300234065802030.0,BD2GI,83.262,41.137,780.0
region-38_38-82_95-46_0-83_913/2019/05/30/20190530T0653.tiff,region-38_38-82_95-46_0-83_913,2019-05-30 07:00:28,300234065802030.0,BD2GI,83.261,41.246,448.0
region-38_38-82_95-46_0-83_913/2020/03/20/20200320T0645.tiff,region-38_38-82_95-46_0-83_913,2020-03-20 04:59:57,300234065762310.0,CALIB,83.0756,43.0596,6303.0
region-38_38-82_95-46_0-83_913/2020/06/25/20200625T1220.tiff,region-38_38-82_95-46_0-83_913,2020-06-25 12:00:00,300234068312200.0,SVP,83.9076,38.8748,1200.0
region-38_38-82_95-46_0-83_913/2020/06/25/20200625T0726.tiff,region-38_38-82_95-46_0-83_913,2020-06-25 07:00:02,300234068312200.0,SVP,83.9076,38.8748,1558.0
region-38_38-82_95-46_0-83_913/2021/11/25/20211125T0710.tiff,region-38_38-82_95-46_0-83_913,2021-11-25 07:00:02,300534061341560.0,SIMBA,83.80856,43.63583,598.0
region-38_38-82_95-46_0-83_913/2021/11/26/20211126T1107.tiff,region-38_38-82_95-46_0-83_913,2021-11-26 10:59:57,300534061341560.0,SIMBA,83.82998,42.66743,423.0
region-38_38-82_95-46_0-83_913/2021/11/27/20211127T1148.tiff,region-38_38-82_95-46_0-83_913,2021-11-27 12:00:00,300534061341560.0,SIMBA,83.79233,41.91117,720.0
region-38_65-82_33-45_61-83_293/2014/10/05/20141005T0516.tiff,region-38_65-82_33-45_61-83_293,2014-10-05 04:59:31,300234061369400.0,IceBall,82.9326,42.2272,989.0
region-38_65-82_33-45_61-83_293/2014/11/27/20141127T0702.tiff,region-38_65-82_33-45_61-83_293,2014-11-27 07:00:28,300234061369400.0,IceBall,82.6962,40.5346,92.0
region-38_65-82_33-45_61-83_293/2014/11/27/20141127T1334.tiff,region-38_65-82_33-45_61-83_293,2014-11-27 13:59:31,300234061369400.0,IceBall,82.7362,40.5964,1531.0
region-38_65-82_33-45_61-83_293/2014/11/28/20141128T0604.tiff,region-38_65-82_33-45_61-83_293,2014-11-28 06:00:00,300234061369400.0,IceBall,82.7968,40.979,240.0
region-38_65-82_33-45_61-83_293/2014/11/29/20141129T0646.tiff,region-38_65-82_33-45_61-83_293,2014-11-29 07:00:28,300234061369400.0,IceBall,82.6774,40.9544,868.0
region-38_65-82_33-45_61-83_293/2014/11/29/20141129T1318.tiff,region-38_65-82_33-45_61-83_293,2014-11-29 13:00:28,300234061369400.0,IceBall,82.663,40.9732,1052.0
region-38_65-82_33-45_61-83_293/2014/11/30/20141130T1359.tiff,region-38_65-82_33-45_61-83_293,2014-11-30 13:59:31,300234061369400.0,IceBall,82.819,42.0004,31.0
region-38_65-82_33-45_61-83_293/2014/11/30/20141130T0548.tiff,region-38_65-82_33-45_61-83_293,2014-11-30 06:00:00,300234061369400.0,IceBall,82.7776,41.5992,720.0
region-38_65-82_33-45_61-83_293/2014/12/01/20141201T0629.tiff,region-38_65-82_33-45_61-83_293,2014-12-01 06:00:00,300234061369400.0,IceBall,82.9056,42.8914,1740.0
region-38_65-82_33-45_61-83_293/2014/12/01/20141201T1301.tiff,region-38_65-82_33-45_61-83_293,2014-12-01 13:00:28,300234061369400.0,IceBall,82.9388,43.0828,32.0
region-38_65-82_33-45_61-83_293/2016/11/12/20161112T0557.tiff,region-38_65-82_33-45_61-83_293,2016-11-12 06:04:19,300234062428050.0,ICEB,82.3838,41.4058,439.0
region-38_65-82_33-45_61-83_293/2016/11/13/20161113T1310.tiff,region-38_65-82_33-45_61-83_293,2016-11-13 13:03:21,300234062428050.0,ICEB,82.6262,42.5168,399.0
region-38_65-82_33-45_61-83_293/2016/11/13/20161113T0638.tiff,region-38_65-82_33-45_61-83_293,2016-11-13 07:03:21,300234062428050.0,ICEB,82.572,42.234,1521.0
region-38_65-82_33-45_61-83_293/2016/12/07/20161207T1309.tiff,region-38_65-82_33-45_61-83_293,2016-12-07 13:03:21,300234062428050.0,ICEB,82.7614,41.9256,339.0
region-38_65-82_33-45_61-83_293/2016/12/07/20161207T0638.tiff,region-38_65-82_33-45_61-83_293,2016-12-07 07:00:28,300234062428050.0,ICEB,82.7764,42.079,1348.0
region-38_65-82_33-45_61-83_293/2016/12/08/20161208T0540.tiff,region-38_65-82_33-45_61-83_293,2016-12-08 06:01:26,300234062428050.0,ICEB,82.7814,41.2,1286.0
region-38_65-82_33-45_61-83_293/2016/12/15/20161215T1342.tiff,region-38_65-82_33-45_61-83_293,2016-12-15 13:59:31,300234062428050.0,ICEB,82.7758,40.6836,1051.0
region-38_65-82_33-45_61-83_293/2016/12/15/20161215T0532.tiff,region-38_65-82_33-45_61-83_293,2016-12-15 06:02:52,300234062428050.0,ICEB,82.8306,40.7814,1852.0
region-38_65-82_33-45_61-83_293/2016/12/16/20161216T0613.tiff,region-38_65-82_33-45_61-83_293,2016-12-16 06:00:00,300234062428050.0,ICEB,82.7402,40.436,780.0
region-38_65-82_33-45_61-83_293/2019/04/22/20190422T1204.tiff,region-38_65-82_33-45_61-83_293,2019-04-22 12:05:45,52985.0,SVP-B,82.6463,45.5446,105.0
region-38_65-82_33-45_61-83_293/2019/04/22/20190422T0710.tiff,region-38_65-82_33-45_61-83_293,2019-04-22 07:03:21,52985.0,SVP-B,82.6691,45.5578,399.0
region-38_65-82_33-45_61-83_293/2019/04/24/20190424T0653.tiff,region-38_65-82_33-45_61-83_293,2019-04-24 07:04:48,52985.0,SVP-B,82.4811,45.6028,708.0
region-38_65-82_33-45_61-83_293/2019/06/25/20190625T0637.tiff,region-38_65-82_33-45_61-83_293,2019-06-25 07:00:28,300234065801030.0,BD2GI,82.558,45.349,1408.0
region-38_65-82_33-45_61-83_293/2019/06/26/20190626T1212.tiff,region-38_65-82_33-45_61-83_293,2019-06-26 12:00:00,300234065801030.0,BD2GI,82.522,44.242,720.0
region-38_65-82_33-45_61-83_293/2019/06/26/20190626T0717.tiff,region-38_65-82_33-45_61-83_293,2019-06-26 07:00:28,300234065801030.0,BD2GI,82.527,44.386,992.0
region-38_65-82_33-45_61-83_293/2019/06/27/20190627T0621.tiff,region-38_65-82_33-45_61-83_293,2019-06-27 06:00:00,300234065801030.0,BD2GI,82.585,43.99,1260.0
region-38_65-82_33-45_61-83_293/2019/06/28/20190628T1156.tiff,region-38_65-82_33-45_61-83_293,2019-06-28 12:00:00,300234065801030.0,BD2GI,82.624,43.086,240.0
region-38_65-82_33-45_61-83_293/2019/06/30/20190630T0645.tiff,region-38_65-82_33-45_61-83_293,2019-06-30 07:00:28,300234065801030.0,BD2GI,82.656,41.716,928.0
region-38_65-82_33-45_61-83_293/2019/06/30/20190630T1139.tiff,region-38_65-82_33-45_61-83_293,2019-06-30 12:00:00,300234065801030.0,BD2GI,82.662,41.612,1260.0
region-38_65-82_33-45_61-83_293/2019/07/01/20190701T0548.tiff,region-38_65-82_33-45_61-83_293,2019-07-01 06:00:00,300234065801030.0,BD2GI,82.672,41.094,720.0
region-38_65-82_33-45_61-83_293/2019/07/01/20190701T1220.tiff,region-38_65-82_33-45_61-83_293,2019-07-01 12:00:00,300234065801030.0,BD2GI,82.682,40.744,1200.0
region-38_65-82_33-45_61-83_293/2019/07/24/20190724T1139.tiff,region-38_65-82_33-45_61-83_293,2019-07-24 12:00:00,300234065801030.0,BD2GI,82.579,40.132,1260.0
region-38_65-82_33-45_61-83_293/2019/07/24/20190724T0645.tiff,region-38_65-82_33-45_61-83_293,2019-07-24 07:00:28,300234065801030.0,BD2GI,82.595,40.193,928.0
region-38_65-82_33-45_61-83_293/2019/07/25/20190725T0548.tiff,region-38_65-82_33-45_61-83_293,2019-07-25 06:00:00,300234065801030.0,BD2GI,82.549,40.102,720.0
region-38_65-82_33-45_61-83_293/2019/07/26/20190726T0629.tiff,region-38_65-82_33-45_61-83_293,2019-07-26 06:00:00,300234065801030.0,BD2GI,82.491,40.166,1740.0
region-38_65-82_33-45_61-83_293/2019/07/27/20190727T0710.tiff,region-38_65-82_33-45_61-83_293,2019-07-27 07:00:28,300234065801030.0,BD2GI,82.433,40.19,572.0
region-38_65-82_33-45_61-83_293/2020/03/20/20200320T0645.tiff,region-38_65-82_33-45_61-83_293,2020-03-20 07:00:02,300234065762310.0,CALIB,82.7426,43.8142,902.0
region-38_65-82_33-45_61-83_293/2020/03/20/20200320T1139.tiff,region-38_65-82_33-45_61-83_293,2020-03-20 10:00:02,300234065762310.0,CALIB,82.3504,43.0966,5938.0
